10000
1939 8 10
11276 6 27
2007 3 12
29826 8 5
2188 9 2
265586 11 23
2016 9 7
278414 4 19
2021 6 28
231520 11 7
2058 1 23
259323 2 24
2222 6 26
91138 7 10
2177 5 28
205632 2 4
2198 11 26
165504 10 11
2087 10 16
116101 1 26
2247 1 6
223830 10 4
2181 4 18
40390 5 2
2083 8 7
103926 6 10
2008 11 7
4259 12 28
2052 8 4
263770 4 14
2265 7 23
172406 1 7
2003 1 7
400709 7 21
2216 10 21
299155 3 6
2130 7 6
357269 5 9
2178 6 14
387289 8 23
2085 5 11
223602 12 1
2272 4 19
356259 12 3
2269 6 24
216019 4 22
2065 6 19
221793 2 14
2264 11 17
349992 11 29
1953 6 12
123933 3 17
1977 8 12
168663 6 20
2130 2 21
90994 5 20
2264 12 2
102618 12 20
2108 2 14
136882 12 9
2106 2 17
194803 1 6
2189 5 13
67026 10 18
1934 5 20
95187 2 4
1946 12 3
343617 9 11
1929 11 28
325919 5 9
2153 9 1
219651 3 11
1957 3 27
302353 1 16
1944 8 6
246384 8 11
2235 9 12
16617 4 30
2006 12 10
331220 7 7
1947 9 30
68575 4 26
2200 12 25
120199 5 12
2222 9 14
219571 7 2
2070 12 27
79234 4 26
2164 9 7
35183 7 14
1994 8 9
47097 10 14
2081 10 18
48610 2 18
2296 7 15
54437 10 23
2012 3 1
247736 7 7
2166 8 4
279983 1 2
2285 1 1
197610 9 30
1965 8 26
387457 4 22
2139 11 10
198728 3 28
2109 8 5
317158 4 27
2079 1 22
371987 2 20
2140 8 11
369756 11 19
2181 6 4
138199 6 26
2009 1 10
297639 8 25
2185 7 15
182224 6 3
2164 4 28
277438 8 12
2117 6 19
206981 9 13
2171 10 13
34888 9 14
1992 2 27
17446 1 11
2148 4 27
384983 12 15
2016 4 18
114832 2 22
2143 7 14
397995 11 16
1997 9 7
13552 8 19
2271 7 9
128105 3 23
2069 7 20
227474 5 6
2010 2 21
94926 8 25
1944 4 7
40534 8 23
2013 1 13
240787 8 5
2271 10 25
63110 11 19
1940 3 26
123964 7 27
2067 11 2
306661 4 6
2154 12 25
340682 3 15
1957 12 19
190319 2 20
2271 3 18
28839 10 18
2053 4 10
336745 3 11
2051 11 4
164756 2 15
2038 12 10
86224 4 21
2075 6 11
48060 1 4
2219 11 18
284436 5 14
2089 8 23
289101 8 1
2097 5 23
396461 12 6
2130 8 16
336984 9 24
2209 7 4
308977 8 22
2128 3 1
380501 1 9
1903 6 7
27936 10 19
2134 10 11
267025 11 29
1910 11 17
169960 2 8
2025 6 11
296224 5 9
1981 6 12
384298 10 19
2188 3 10
226662 3 28
2169 11 8
353664 9 10
2151 11 30
144966 10 8
1997 4 26
209493 8 25
2134 7 30
107592 1 29
2222 9 27
258643 9 13
2008 12 23
10136 10 16
2128 11 26
78670 11 28
2039 9 29
61498 8 29
1943 8 5
345871 5 16
2136 2 6
297533 6 11
2077 4 10
96090 11 13
2141 10 22
173316 12 2
1930 5 2
197714 9 26
1950 7 25
214579 9 3
2019 9 13
350922 9 2
2028 4 3
134388 6 10
2165 10 16
306658 2 1
2013 3 8
124587 2 19
1987 2 18
8689 1 24
2284 4 13
126329 8 21
2187 1 15
386875 1 22
2026 11 17
303066 10 21
2125 2 25
102800 12 7
2105 6 4
62119 10 29
1999 6 26
311818 8 23
1929 4 1
35090 12 7
2228 12 5
207949 11 22
2111 12 18
142474 6 29
2055 7 17
40896 2 19
2131 2 12
292491 11 13
2020 2 24
16566 2 3
2283 4 9
139905 11 13
2190 4 23
298946 6 23
2008 8 1
140610 4 21
1956 10 18
63118 2 2
2122 2 16
60651 11 16
1936 7 22
138624 6 30
1976 8 4
389481 8 22
2198 2 14
377680 11 11
2005 1 3
231441 12 12
1946 9 30
56306 4 6
2121 8 9
218434 5 24
2131 4 13
249743 1 14
2053 5 12
395607 8 23
1940 11 5
138286 10 13
2113 5 17
229871 11 29
2199 9 26
290120 10 14
1988 2 17
309618 2 30
1971 5 7
100597 3 16
1923 6 21
155710 4 29
2128 1 20
15993 6 20
1915 9 8
291810 2 19
2190 3 15
255748 7 7
1961 8 7
223655 2 25
2246 6 23
374510 2 26
2163 4 7
145698 2 30
2127 3 18
400591 12 29
1996 9 9
72235 3 22
2178 5 24
34337 6 16
2146 6 12
187330 1 10
2105 12 4
323229 2 20
1919 10 21
305012 11 3
2244 4 4
122438 7 15
2119 4 3
32299 12 10
2254 11 10
364558 12 3
1957 12 3
305411 5 12
1956 3 12
103682 4 15
1994 10 2
166660 11 12
2116 12 7
188935 5 1
2251 4 30
132828 7 6
2129 3 1
225692 10 21
2142 2 15
399551 3 7
2246 12 6
18124 10 17
2176 1 21
123516 12 5
2297 3 29
123569 4 12
2272 9 6
333523 5 1
2258 6 24
78549 8 18
2174 9 2
114596 2 29
2008 6 19
128059 11 26
2060 12 16
2811 6 30
2018 10 1
11205 8 16
2088 7 8
70238 12 30
2261 3 22
103082 2 27
1992 8 3
231078 2 9
2239 11 4
288354 7 7
2022 5 25
124517 2 4
2189 7 14
165228 8 9
1997 5 30
307111 11 4
2269 2 27
169825 1 17
2281 1 17
154196 12 18
2266 2 19
281037 4 23
2161 3 6
373180 2 23
2157 6 14
354365 7 13
2107 1 1
60263 4 28
1984 2 5
144441 9 26
1994 2 27
395518 1 1
1978 12 2
169650 12 11
2066 8 12
378739 2 16
1959 7 14
54546 6 6
2145 12 13
241529 7 24
2031 9 19
363518 9 24
2180 2 13
346307 10 17
2233 11 1
95220 4 16
2093 6 16
291440 11 7
2177 2 14
83783 1 10
2081 12 26
195777 8 15
1947 8 15
378067 5 11
1942 7 6
42853 10 5
1973 1 10
98824 12 12
2175 11 2
290591 8 11
2027 4 26
318529 10 12
2247 7 19
160784 3 9
2236 10 4
361786 4 30
2179 2 27
51196 4 1
1982 11 8
352627 4 7
2129 11 25
266101 3 28
2251 1 30
124391 5 5
2233 9 3
289074 9 2
2219 12 6
230082 12 27
2227 10 28
71199 7 8
2261 2 19
351883 12 10
2046 3 15
118572 4 3
2175 3 24
401717 12 22
2209 8 14
21316 7 22
2073 5 13
30711 2 24
2209 3 20
114144 7 12
1918 6 11
267715 11 26
2156 10 18
133336 11 9
2039 6 9
46239 8 27
2120 1 10
55240 5 7
2053 11 5
149018 2 30
2009 6 22
290046 1 30
2022 12 1
262883 3 18
1976 5 7
31473 2 9
2084 9 13
250657 11 30
2231 7 10
135911 9 5
1901 3 7
263983 9 11
2154 8 3
105978 7 14
2067 9 6
98288 9 11
2058 4 18
120168 9 25
2119 6 12
164442 3 22
1909 4 11
223548 12 26
2149 9 11
39803 3 5
2222 9 3
348846 11 28
2162 3 5
394721 11 10
2109 10 19
356273 4 28
2137 10 12
88431 2 23
2066 12 26
393089 11 15
2283 10 3
288263 6 14
2051 5 7
315888 9 16
2140 1 10
399032 2 5
2139 3 10
88509 8 20
1931 8 11
299952 8 30
1952 10 10
147040 1 21
1937 3 1
141436 8 19
1971 10 26
183927 4 13
1939 12 7
46117 9 18
2206 9 5
62985 8 8
1995 8 10
194135 8 7
2283 6 2
363234 9 22
2192 6 6
347123 12 16
1910 9 20
163336 10 20
2108 12 11
394307 6 1
1945 5 7
290707 6 21
2025 9 21
381219 6 11
2162 3 7
402436 8 21
2296 8 10
188993 2 28
2202 12 4
30341 3 12
1978 3 9
8003 7 11
1937 5 22
322524 5 3
2077 6 20
11749 9 14
2241 11 13
188810 1 28
1913 11 18
292292 6 26
2000 9 12
154474 2 23
2289 12 4
146176 3 19
2291 11 8
139394 10 2
2199 6 1
366337 4 27
2035 5 29
251087 11 3
1994 1 28
49980 7 12
2229 2 19
142881 8 12
2221 9 9
340314 3 2
2063 2 16
101112 4 22
2081 12 13
248011 10 9
1915 3 20
277580 5 15
2077 7 29
383569 1 11
2032 1 13
19987 11 14
2157 11 29
189839 12 30
2064 5 7
181059 2 20
1918 3 5
121501 3 21
2022 9 3
318671 11 19
2031 12 5
153963 9 27
2244 11 5
336575 3 26
2068 6 6
184433 4 10
1903 3 7
386928 8 7
2129 7 12
232090 3 13
2093 6 9
20293 11 24
2231 7 21
52765 9 25
2170 8 28
162643 5 5
2099 8 23
167228 8 6
2281 1 12
350406 4 7
2035 8 13
185803 1 26
2094 11 28
57189 6 7
1964 10 30
362740 2 13
1946 10 24
177013 8 15
2200 9 15
105819 12 14
1936 7 8
286158 3 1
1973 8 24
337715 10 3
2096 1 4
6982 1 11
2109 2 2
115188 9 20
2254 12 24
20578 12 28
2009 5 25
29745 6 11
1931 11 30
401426 1 17
2085 1 10
287169 4 4
1981 10 8
30967 4 27
2100 11 27
303422 3 14
2163 12 17
204952 2 23
2172 3 5
389962 1 11
2011 7 4
345547 7 19
1978 1 30
93468 12 17
2051 1 7
225933 12 23
2121 11 30
140081 9 11
2048 1 23
281528 6 10
2095 1 18
44571 12 26
1923 3 18
159275 5 15
2121 10 6
58462 12 5
2176 3 17
318787 3 23
2010 2 7
75682 10 30
2225 3 25
167391 10 1
1996 9 7
208658 7 22
1951 8 22
372810 2 27
1900 11 12
367195 11 20
2275 4 27
148119 8 25
2124 8 5
320585 3 3
2143 6 7
207215 11 23
2062 11 15
104618 7 8
1946 10 6
200153 12 17
1996 4 9
352462 11 1
2163 10 10
161916 2 4
2040 10 18
81872 6 1
2209 7 13
384976 12 5
2002 2 28
128738 6 14
2227 11 1
373857 3 3
2137 9 8
75331 8 7
2282 8 17
224535 11 25
1971 2 1
137423 1 29
2215 7 18
190995 11 6
1946 1 12
97610 2 7
2010 10 17
88539 11 1
1903 12 1
134305 10 29
2027 11 27
373303 9 7
2186 3 17
320467 4 17
2067 5 14
105602 1 13
2292 2 22
291515 9 14
2136 8 13
212336 5 3
2074 5 19
181601 8 4
1962 2 14
319131 6 25
2101 1 1
200387 8 6
2195 1 9
268043 3 4
1961 11 10
265245 6 27
2068 12 8
340615 7 12
2209 5 7
68182 10 26
2016 4 19
291304 5 7
2024 4 2
9983 10 18
1947 6 22
210009 7 3
2297 12 11
225633 4 6
2044 1 10
139851 5 9
2044 7 26
256952 9 29
2221 10 14
107253 4 16
2149 5 16
38038 7 12
2070 5 1
342253 2 2
1959 6 10
31690 4 10
1929 12 3
261195 3 15
2178 12 21
102299 12 25
2268 12 4
349717 3 22
2057 4 26
277306 5 24
1996 7 29
176905 1 14
1956 8 15
306281 12 21
1931 9 5
298630 10 26
2253 9 26
43672 8 17
2299 12 7
81645 8 29
1986 6 29
65004 4 23
2098 2 9
295153 2 14
1942 1 11
345018 2 13
2252 9 2
300130 11 20
1963 3 27
13186 3 4
2199 5 14
67602 3 23
2067 2 11
65431 4 27
1930 12 24
89086 2 18
2273 8 25
187052 6 28
2164 5 5
380226 3 12
2125 12 10
38182 4 20
2033 10 13
344094 5 27
1902 4 26
23560 9 25
1942 5 30
20181 5 1
2169 9 8
166135 4 2
2263 3 28
301122 5 3
1911 2 30
225084 7 15
1994 6 28
224704 5 14
1938 3 14
14324 1 8
1907 8 15
248489 8 4
2100 9 5
275665 7 11
2240 9 14
380945 7 15
2000 9 25
317394 10 26
2175 9 4
20778 2 21
2232 5 21
39430 8 3
2273 12 15
16622 9 10
2149 12 20
255236 6 28
1986 6 8
94404 1 26
2222 4 24
128641 2 13
2242 4 14
366041 1 1
2102 11 14
226436 4 21
2262 6 12
280098 6 9
2117 1 14
29426 9 29
2131 3 17
44195 9 12
2140 7 3
107883 8 9
2262 9 24
157631 11 13
1960 6 29
208982 3 14
2276 1 14
167855 10 29
2062 4 21
383853 4 23
1900 7 14
17180 12 2
2170 7 2
114071 2 1
2209 6 15
69674 9 16
1989 10 11
70470 12 21
2271 2 27
92430 10 7
2185 3 22
372726 3 24
2006 7 19
256063 10 29
2077 5 10
282533 5 8
2243 3 8
400511 2 29
2257 4 3
122907 3 22
1967 10 17
294701 8 21
2198 8 20
309036 10 25
2225 10 29
231412 6 7
2152 7 7
275611 11 2
2176 9 29
104980 12 14
2061 6 25
127958 9 12
2094 1 11
126562 5 13
2255 6 25
113272 7 20
2292 12 26
347444 6 27
2060 6 28
268517 6 19
1914 9 11
215525 11 16
1945 7 11
180158 2 1
2019 9 3
400427 2 25
2179 7 17
114488 7 8
2125 1 21
80569 3 13
2206 8 18
227829 10 28
2042 1 19
186155 1 22
2287 8 21
171420 7 3
2198 8 23
158636 3 8
2267 4 14
225725 12 10
2159 1 22
287677 2 10
2253 11 27
171483 10 1
2107 7 11
167457 12 23
1995 3 4
36412 2 30
2294 11 27
51122 11 17
2172 7 1
393331 2 16
2293 1 22
291820 3 10
1952 7 15
186808 10 2
1946 9 12
273709 5 12
1988 2 27
100939 8 1
2132 8 28
210241 6 15
2236 4 8
373904 4 25
2234 7 3
365202 12 30
1905 10 27
389833 9 26
2239 10 2
377065 10 2
2203 2 22
213583 3 14
2276 1 12
76737 1 13
2257 4 13
171327 2 14
1977 6 3
186613 1 30
1948 10 7
285891 12 22
2041 12 27
240923 2 26
2124 5 5
183242 7 13
2101 11 21
388497 5 21
2007 6 28
295206 2 9
2051 4 20
140837 4 18
2080 6 14
155444 7 23
2186 8 4
160591 2 4
2199 11 27
122028 8 25
2141 12 23
375939 11 1
1997 12 7
89321 8 11
2191 10 2
298714 11 18
2170 12 9
20477 4 12
2004 6 11
383903 11 7
2097 5 5
8762 6 14
2090 10 14
127249 1 6
2096 12 8
322571 9 25
2145 11 23
37003 8 3
2220 4 19
161673 7 26
2041 3 5
31653 10 17
2287 9 22
302285 12 29
2260 8 12
131282 2 24
2104 12 10
295989 3 18
2001 7 27
151025 10 30
1995 11 22
11621 11 17
2091 1 1
198355 8 25
1934 2 15
375661 5 28
2261 10 15
97599 12 15
2226 12 29
292780 8 22
1932 11 7
377804 8 11
2127 1 6
4052 9 9
2109 5 26
389833 1 12
2152 1 16
364217 11 24
2266 8 13
173522 10 30
1908 2 22
264658 1 17
1914 4 23
196821 9 30
2108 4 12
375307 12 6
1959 9 21
221558 12 20
1944 9 19
104399 3 16
2088 3 11
89394 2 14
2178 6 26
266326 11 2
2119 1 5
120319 12 27
2116 5 20
77065 4 5
2257 12 25
115075 11 17
2248 7 22
175050 10 5
2095 11 13
217367 4 11
2052 5 6
207195 7 18
1933 3 29
339568 1 17
1993 3 18
375259 8 6
2060 6 2
173886 12 12
2074 4 12
135669 12 9
2067 1 26
24662 9 15
1904 3 26
182873 4 14
2223 10 1
343340 7 2
2150 10 28
275990 2 21
2020 10 10
337344 10 16
2064 8 4
217593 2 9
2016 2 28
214128 5 1
2267 12 7
217650 11 25
1903 3 29
325680 9 22
2048 6 9
392638 2 3
1901 12 15
44798 11 26
1915 7 6
216929 1 17
2060 10 26
274879 12 5
2124 8 6
25758 5 30
2265 11 26
206845 8 29
2076 11 24
257264 4 9
2258 7 13
249776 1 30
2093 10 15
67670 7 6
2245 5 5
41982 8 20
2069 1 21
4026 12 30
2195 4 23
297319 3 2
2108 12 2
176571 4 26
2293 4 14
335084 3 21
2163 6 10
355508 4 30
2141 5 10
258776 1 13
2019 3 29
72150 7 30
2148 7 7
143866 7 20
2185 6 20
20527 5 15
2181 3 4
128193 9 3
2197 5 12
58742 10 13
1961 5 3
185548 7 30
2000 4 16
75135 2 8
2179 12 10
75099 7 14
2013 12 18
225408 11 3
2091 3 1
381711 4 23
2171 8 8
357254 11 27
2067 8 26
332238 2 22
2207 2 17
185090 7 17
2037 8 3
211113 4 9
2024 5 28
183432 2 23
1938 1 9
258341 4 3
2110 7 24
21583 10 29
1949 8 14
202925 8 12
2234 11 7
88839 4 16
2195 7 9
271238 8 26
2006 7 16
50845 9 7
1910 5 26
55256 5 5
2243 1 4
111641 2 15
2189 12 6
227024 5 30
2206 11 7
305119 10 25
1985 1 6
54384 8 14
2112 7 27
173880 3 1
1946 6 8
52989 2 19
2095 8 16
251241 2 22
1900 6 26
283809 11 17
2015 3 25
298532 9 21
2084 3 7
335866 4 25
2013 10 15
357529 4 18
2297 8 4
227210 10 13
2155 12 13
237373 10 24
2196 12 24
138228 1 3
1976 12 15
378712 11 8
2007 7 9
327976 12 30
2291 4 19
4176 11 3
1951 1 19
254157 1 21
2265 11 30
26042 2 9
2055 3 18
359837 9 17
2102 5 27
185697 10 14
2239 4 15
354907 7 14
2243 9 3
19852 5 14
2065 12 29
140107 11 13
2125 2 11
115981 9 1
1918 5 1
402218 4 7
2090 2 18
274293 2 29
2162 2 18
107019 3 3
1977 4 5
271964 9 9
2171 10 11
332794 5 8
2133 12 2
386951 9 8
2109 7 25
220880 11 8
1947 9 13
61946 4 13
2090 9 28
138951 6 1
2080 9 20
317356 4 18
2233 11 13
161985 4 18
2042 5 28
123697 4 13
2061 9 12
8810 8 27
2109 12 24
344030 3 13
2185 9 22
48273 9 28
2087 9 17
102062 10 13
2241 10 14
213179 10 20
2289 7 27
353891 2 14
2079 12 13
225764 3 20
2190 10 8
282067 8 21
2019 8 4
176669 8 18
2194 6 1
30174 4 16
2190 5 26
7439 6 6
2259 6 20
329842 2 8
2268 8 19
98708 6 4
1948 11 16
242850 8 24
2007 3 28
100123 11 1
2184 9 2
18105 8 13
2260 4 21
178153 12 2
1922 5 5
139052 2 5
2194 5 29
59410 8 20
2028 8 9
297172 1 7
2018 10 8
315526 1 23
2170 10 21
50800 7 10
2169 7 19
347072 10 26
2112 9 13
224736 3 1
1920 8 9
78462 4 6
2226 12 7
91498 1 11
1979 9 10
21149 5 15
1988 11 11
165409 1 14
2177 3 26
15499 5 17
2076 3 19
16105 9 11
2266 10 14
294331 11 14
2181 6 17
4559 7 8
2079 10 5
310420 5 19
2008 9 30
160819 11 5
2148 12 9
23943 1 15
2026 9 14
160765 12 15
2272 6 9
391838 3 24
2021 5 4
284299 2 16
2131 2 4
380368 3 1
2136 3 23
150156 1 23
1966 3 21
349080 8 10
2048 7 5
187624 1 4
2042 5 7
269874 1 1
2266 3 3
123473 5 4
1908 6 3
57278 11 22
1919 10 7
188293 3 12
2239 12 5
96129 3 6
2175 5 18
291605 10 3
2147 9 6
382256 9 15
2288 11 6
141881 5 26
2085 7 18
48662 8 22
1996 1 17
329495 9 16
1995 2 27
198047 1 6
2201 4 13
301128 9 26
1996 1 11
82434 6 24
2197 7 26
205497 4 16
2065 11 16
296046 10 22
2155 9 23
211130 1 4
2161 1 21
387984 4 16
2101 2 29
240541 5 4
2251 9 28
350109 8 12
1990 6 22
31379 10 18
1952 1 5
87184 10 2
2099 11 29
73962 4 19
2199 2 13
334273 11 27
1975 10 1
15893 5 28
2198 6 9
329293 5 28
1918 10 2
249677 6 23
2151 7 1
187818 10 17
1906 12 21
314601 10 4
2298 8 9
72216 5 26
2189 6 1
242738 10 4
2261 10 19
200205 7 15
2054 11 18
61568 12 6
2242 11 9
182677 10 5
2273 3 19
298542 4 9
1929 4 9
279411 12 11
2299 6 12
139766 3 28
2022 9 7
367207 5 23
1932 4 10
105265 12 26
2195 8 28
356377 2 30
2171 8 13
205591 3 15
2293 7 16
195034 7 4
1921 6 10
281226 10 19
2073 7 13
262764 4 22
2028 1 21
399133 8 9
2037 6 30
344936 1 19
1984 3 21
81835 9 29
2145 1 28
21061 8 2
2238 10 26
264335 6 15
2107 5 13
394180 10 5
2073 6 27
373259 5 23
2155 5 24
126389 12 17
2078 8 2
305491 5 7
2145 1 4
351837 12 26
2058 6 6
269544 11 20
2096 9 4
304917 5 12
2017 7 22
131677 5 24
2091 10 11
261295 9 5
1974 11 27
204478 3 16
2223 7 4
291924 3 26
2019 2 16
309083 7 2
2067 11 21
395514 12 28
2077 7 30
51076 3 3
2152 1 26
393454 6 21
1913 1 5
314347 11 22
2207 6 19
287640 12 11
2175 10 8
219085 1 27
1999 6 7
276072 4 11
2196 2 19
280352 3 18
2117 12 7
238961 7 30
2132 4 18
45160 2 30
1911 1 15
252089 10 26
2277 5 11
253235 2 10
2029 9 19
110713 8 26
2187 12 3
316102 7 18
1904 7 7
45629 3 6
2289 6 16
274921 3 11
2276 11 14
184015 8 15
2047 7 30
289958 11 1
2123 8 28
87215 12 11
1968 5 17
375756 11 13
1988 10 4
76821 4 24
2168 9 23
265717 12 23
2083 5 21
16494 7 18
2068 3 3
277596 11 10
2099 3 22
222084 12 27
2186 7 16
179009 9 10
2263 9 8
195750 1 14
2269 12 4
332122 2 16
2100 12 1
77740 8 15
2288 9 29
73274 8 16
2298 7 5
242020 10 27
2201 7 12
155057 2 20
2174 12 3
225676 7 17
1955 2 13
152841 3 7
2180 7 1
142544 8 26
2130 2 23
123674 4 25
2069 7 4
127650 9 11
1945 10 15
329439 11 10
2190 4 5
277098 3 7
1945 7 9
286265 12 14
2119 12 12
178256 6 8
2261 7 21
355174 6 8
2006 1 25
100276 9 22
2243 11 15
355780 11 15
2014 2 17
36230 1 2
2025 1 12
4263 1 18
2277 9 23
47178 8 13
2297 2 23
23458 6 26
1952 7 13
44393 12 12
1950 11 24
102284 7 7
1964 3 9
49640 12 13
2193 7 3
222407 2 22
1989 9 14
194385 7 20
2024 7 24
399063 2 10
2131 9 28
116193 6 10
2081 10 30
229508 7 1
2236 12 20
186320 12 19
1901 7 20
199457 10 26
1931 10 6
285385 7 1
2005 8 5
306910 4 1
2197 5 30
203629 8 18
2076 2 5
332129 11 5
2248 11 20
372748 6 13
1999 1 15
45450 4 22
1932 5 14
196216 8 21
2270 4 4
286386 6 9
2286 12 27
83809 7 10
1985 4 25
129852 6 4
2293 11 14
303416 1 28
2099 4 10
152918 1 30
2139 2 23
252897 9 19
2273 11 20
393981 7 9
1993 11 7
115677 9 9
2293 6 24
201233 8 5
2200 1 8
228026 6 8
2054 6 25
38914 1 11
2008 3 13
153111 10 21
2076 3 19
65320 11 25
1948 9 7
285935 6 25
2036 3 24
54108 5 11
1919 2 10
105289 12 9
1985 2 26
270636 9 16
2115 10 23
165072 3 10
1990 2 20
370597 3 27
2218 8 21
287010 10 21
1927 5 21
248174 6 25
2103 5 27
198978 8 6
2073 10 18
304301 6 20
1998 4 28
397703 5 9
2149 11 18
392788 7 1
2061 3 13
134148 6 21
1985 10 17
75867 1 1
2020 4 6
134334 9 6
2270 2 19
234139 6 18
2244 7 4
368402 6 10
2254 7 23
274399 2 24
1905 7 5
359182 7 23
2248 5 28
220007 4 17
2037 8 14
189278 10 30
2076 3 23
115853 5 20
2078 8 25
325160 9 24
2072 11 9
54108 3 16
2242 8 19
227274 1 28
1976 5 19
240358 10 23
1956 4 25
380234 4 26
2231 5 14
171407 6 5
1981 6 1
393342 3 8
1904 11 2
31270 5 6
2002 11 22
106228 11 20
1956 5 8
376140 10 6
2168 4 23
306945 4 9
2097 4 29
357620 6 16
2183 3 14
199877 8 18
2095 2 26
7132 4 24
2246 6 26
195529 11 26
2275 2 3
196718 7 30
2078 1 21
215736 12 25
2241 8 25
128476 2 19
2111 1 29
272834 12 3
2134 2 14
129854 6 3
2212 4 22
301496 5 5
1978 11 22
76749 6 16
2139 1 3
256497 7 15
2212 1 4
104701 2 26
2008 10 24
218302 2 28
1914 7 21
14566 7 5
2275 4 29
213810 11 1
2006 10 13
244958 5 23
2011 9 9
189280 4 14
1930 5 2
109291 2 20
2147 7 15
96189 9 3
2148 3 16
330270 2 16
2214 9 5
249713 7 8
2244 9 20
143885 10 17
1981 2 12
199982 6 26
2171 12 22
65964 12 16
2089 6 10
323926 3 26
2012 10 12
192953 2 29
2153 7 4
91939 10 30
2156 11 30
376696 2 13
2100 6 5
37201 1 11
2021 7 26
64999 1 24
2106 9 15
42401 5 15
1998 11 11
138748 5 23
2053 3 22
26940 3 15
1963 1 28
327291 11 9
2211 12 10
347018 3 4
2021 10 17
366382 2 16
1991 6 28
111770 1 17
1930 9 30
375087 2 25
2208 11 29
292399 1 5
1969 8 9
78478 3 13
1911 6 17
52603 5 21
1933 8 29
401180 6 3
2059 9 27
145216 9 12
2056 4 18
342359 7 12
2292 5 22
39773 11 1
2076 5 14
126967 9 24
2173 12 18
13587 5 5
2186 12 27
383747 8 1
1943 7 13
161442 6 15
2167 12 15
144517 6 2
2166 1 16
216218 4 30
2084 3 16
51314 9 23
2138 10 28
327030 12 22
2272 8 10
46795 7 10
1933 2 23
308647 3 3
1973 5 4
329536 5 11
2005 6 29
186007 5 28
2114 3 20
161572 8 24
2109 1 27
266664 11 28
2260 6 11
25894 7 23
2127 3 30
65440 2 25
2211 4 5
358766 8 5
1900 7 25
174797 10 27
1961 5 22
401567 9 19
1965 12 10
236942 1 17
2077 2 17
74069 9 14
2261 6 3
191534 2 8
2202 1 17
342035 10 14
2095 11 30
228624 10 22
2229 9 28
154347 2 29
1976 12 20
312433 10 8
2004 7 13
237149 8 7
1905 9 15
222666 9 26
1947 7 22
177791 12 30
2205 4 24
368597 9 15
2086 1 14
74914 7 23
2197 8 9
45950 11 9
2234 2 17
207913 4 28
2198 10 17
51563 1 6
2237 4 2
142325 6 1
2298 7 2
297145 12 21
2030 3 14
235046 4 17
2217 6 12
381509 1 7
2287 3 27
397246 11 7
2051 4 5
165088 11 6
1997 12 17
71705 11 4
1908 5 21
286006 10 3
2021 5 16
241012 9 20
1942 3 19
89310 11 25
1911 12 25
37026 2 21
2188 3 18
133578 11 25
1910 1 1
15377 9 23
2284 11 11
156747 11 11
2140 11 10
314548 6 7
2093 6 20
125086 4 4
2097 1 24
394041 10 22
1968 6 6
20598 2 2
2140 2 3
15247 6 17
2255 5 10
231028 9 20
2077 6 10
179330 5 2
1994 9 1
322293 9 26
1900 9 18
167739 7 4
1977 8 6
176166 1 13
2171 5 21
150231 2 26
2282 9 28
271300 12 9
2077 8 13
76282 10 7
2175 2 16
388479 8 6
2152 1 8
149015 1 2
2117 3 5
60641 10 28
2199 1 9
328482 11 14
1951 1 17
177858 2 19
2150 7 28
219594 2 13
2272 3 5
169681 10 21
2064 2 19
167700 7 1
2052 6 16
48747 5 22
2042 1 20
369363 2 28
2160 1 3
32246 12 15
2232 1 23
162590 10 19
1908 4 10
394696 9 18
2153 5 10
373473 3 7
2203 11 17
252918 3 2
1966 9 8
27784 7 9
1980 12 29
311172 7 4
2227 11 19
233243 3 18
2113 12 9
182756 6 26
1994 9 24
188646 8 11
1968 11 14
277075 2 7
2004 9 27
355324 11 20
2042 7 27
272033 2 25
2260 9 16
212363 12 23
1982 2 23
16274 5 27
2037 3 16
66957 4 15
2172 8 14
287201 11 18
2215 5 30
391633 11 19
2240 12 11
218059 8 1
2271 10 7
9711 1 24
2182 9 5
250719 4 8
2045 3 23
293662 10 12
2272 10 25
378774 6 16
2185 8 28
213377 3 17
2222 10 29
89978 12 18
1972 7 6
290017 5 20
1974 10 1
4786 8 23
2283 4 23
97407 3 17
1962 11 9
217879 5 21
2014 1 30
271991 12 22
2026 7 7
209718 10 5
2268 2 19
396517 11 7
2254 7 3
95908 2 2
2067 3 7
152978 9 20
2261 11 11
68624 1 20
1945 11 22
24265 4 22
2071 6 5
319010 6 23
2167 12 24
245279 3 12
2133 1 29
46619 9 14
2288 10 26
169529 3 23
2033 2 14
85858 5 15
2128 9 25
352896 2 25
1907 4 3
125924 2 22
2104 10 15
97538 10 26
2022 5 28
212700 4 10
2216 8 17
135371 8 4
2283 11 9
281794 1 13
2186 9 4
69049 10 25
2060 7 7
257573 3 6
2132 5 29
117409 7 1
2075 7 14
246126 5 23
1921 10 16
120001 6 9
2271 1 20
226963 8 4
2165 11 21
83331 11 24
2095 6 15
265599 12 13
2062 7 8
44555 9 17
1919 11 16
387965 12 13
2031 9 12
392435 11 3
2238 3 3
14357 10 13
2279 3 10
21868 7 27
1998 9 26
187396 7 12
2218 8 30
53473 2 21
1912 2 6
169508 3 9
1906 1 23
233039 3 10
2116 6 18
216506 2 1
1938 9 18
93210 6 29
2083 1 23
270995 6 16
2125 3 8
249689 8 19
1928 7 26
6820 11 30
2073 10 8
371204 1 23
2193 4 14
137081 3 20
2019 11 19
154152 7 11
2145 1 17
393167 8 27
2200 11 16
119341 11 8
2031 1 9
399479 6 26
2125 12 19
316531 2 16
2279 11 10
26463 3 13
1933 9 19
170981 10 20
1923 1 21
369233 8 26
2205 2 18
128494 2 12
2250 3 7
9411 6 25
2257 12 20
392318 5 3
2125 5 15
12613 4 22
2050 11 20
170458 9 1
2011 9 16
371001 7 22
2089 10 29
97774 10 9
2227 8 9
247576 5 23
2293 2 20
200987 3 11
2213 6 23
334025 12 6
1978 6 30
254113 2 30
2056 7 15
220469 6 16
1946 11 29
360816 6 11
2289 5 16
36528 4 11
2180 9 21
88589 3 8
1944 2 21
89213 7 13
2144 5 11
40958 5 24
2167 2 6
81350 10 8
2199 1 15
47717 2 10
2156 11 22
333828 1 7
2199 9 6
64340 6 10
1942 8 8
235470 12 4
2185 6 27
136101 1 22
1951 4 2
249751 1 11
2186 7 23
64454 1 25
2254 11 13
9833 1 29
2299 10 2
5571 9 1
2112 2 13
42238 4 5
1954 12 15
291892 11 6
2283 12 16
183070 4 11
2185 7 17
402614 1 28
2291 12 14
316929 12 14
2031 2 6
350001 7 20
2215 10 27
120317 4 5
2102 8 24
309656 5 3
1969 9 7
264971 4 28
1996 1 29
108673 12 15
2123 12 21
235737 5 5
1912 1 17
177057 9 17
2133 2 4
119821 12 22
2031 10 2
154061 9 7
1929 11 1
158633 3 7
1949 12 17
41717 12 4
1963 5 3
184979 6 4
1968 10 4
352511 5 4
1969 7 1
62451 10 13
2123 12 6
158957 8 28
2145 12 20
65948 10 15
2221 12 1
349984 10 11
2289 9 29
343562 4 2
2171 1 26
107116 3 10
2287 6 5
116699 11 13
1945 2 21
166590 12 29
1966 7 16
308283 8 7
2064 12 8
201872 7 14
2209 12 3
174993 11 16
2130 11 2
261790 2 27
1928 4 21
3441 10 20
2184 1 18
394216 11 23
2266 5 2
197529 12 20
2174 7 21
396417 9 15
2019 2 30
87202 8 23
2014 8 28
239425 8 1
2215 11 23
49090 3 15
2255 11 6
335503 8 16
2124 6 26
73785 5 5
1947 10 29
385423 5 4
1921 9 13
232399 5 29
2208 7 28
41008 6 29
2244 9 24
62955 3 9
2272 4 1
218932 9 27
2090 7 12
156016 10 3
2151 5 15
319751 3 9
2182 9 7
150313 9 25
1970 3 5
367775 10 15
2180 3 21
295017 5 3
2110 9 22
126771 9 30
1932 10 17
137788 9 20
2136 10 19
117666 9 25
1954 8 15
216613 10 5
1929 7 17
285285 11 12
1971 9 16
361487 6 22
2238 5 2
370440 10 19
1955 9 23
332462 7 7
1918 11 1
262127 10 2
2169 6 17
188225 6 6
2268 7 2
228748 2 10
1935 6 27
18429 6 29
1963 5 21
263555 6 29
2054 2 11
63241 12 10
1907 7 3
107169 2 15
1933 12 17
341250 12 14
2005 11 27
248626 3 24
1998 2 27
204704 7 3
2210 11 22
281059 3 13
1998 6 12
307223 5 30
2173 9 6
326869 10 16
2232 7 7
177317 3 28
2293 9 28
198465 7 17
2111 8 5
103187 5 8
2287 1 2
252048 8 15
2244 6 4
310056 11 29
2213 12 23
59984 12 29
1939 6 18
200718 7 19
2298 11 9
251286 9 20
2160 5 2
385195 10 16
2150 9 7
112298 12 2
2233 1 28
314638 3 18
2204 3 11
120430 9 25
1930 1 13
140312 3 12
2191 10 26
84827 1 27
2155 1 12
377471 3 24
1912 1 13
73324 12 29
2128 7 5
320277 5 4
2074 7 20
123750 9 30
1998 10 29
37379 4 5
1903 1 27
198501 10 13
1977 9 5
391224 2 16
2299 6 15
256552 12 14
1941 7 6
148433 8 20
2226 12 25
282432 4 24
2091 4 3
73871 2 25
2036 8 7
386939 12 28
2226 9 12
18378 5 5
2099 11 26
97639 3 29
2217 1 10
325879 8 9
2286 10 1
188906 1 10
1996 2 5
72193 7 3
1947 6 18
101625 2 18
2246 3 5
203736 1 3
2051 8 16
382617 7 30
2178 4 23
146769 5 22
2152 11 24
281069 2 4
2198 1 1
395886 1 28
2089 5 19
47931 2 17
2078 7 22
171166 8 2
2075 8 17
382519 10 6
1921 8 13
87088 6 2
2137 4 16
331824 3 10
2163 2 17
121691 8 30
2279 1 7
194939 7 28
1926 10 17
158547 5 24
2126 7 9
46526 12 26
1923 4 9
188728 1 18
2023 8 19
119581 6 4
2154 7 9
334897 3 4
2087 10 23
167872 1 10
2295 3 30
122009 9 17
2153 9 18
293862 2 30
2232 1 29
397490 9 10
2159 11 22
136420 1 9
1938 1 26
312929 2 23
2119 11 28
401170 3 23
2215 12 7
385564 3 17
1969 6 2
224544 1 24
2227 4 3
375731 3 6
2278 8 2
93922 8 15
1954 12 24
58078 3 22
2298 9 29
227027 11 29
2175 4 13
132269 5 29
2142 12 7
96322 11 19
1950 12 10
44628 1 10
2068 2 24
69730 1 28
2142 6 23
369672 6 21
2283 1 9
10908 3 22
1945 10 3
22586 3 30
2059 2 19
143801 2 17
2024 9 28
214938 5 7
2141 3 25
331638 6 16
2069 11 2
190691 12 14
2138 8 24
299584 6 10
2275 2 2
41795 11 18
2144 2 24
264669 1 6
2234 8 14
244701 2 12
2054 8 10
305006 4 29
1912 8 22
303165 10 21
2267 4 4
65092 3 20
2142 6 7
15601 12 8
2090 9 19
352700 3 12
2060 12 26
235385 12 11
2087 1 24
323164 2 28
2216 2 24
271436 12 7
2264 2 21
225762 5 12
2192 4 20
101722 6 26
2129 12 11
85079 6 3
1993 11 19
134619 10 21
2191 8 15
324436 4 24
2000 3 7
293291 3 21
2014 8 23
36776 12 11
2192 9 10
247641 9 7
1936 9 27
138516 9 6
2155 8 14
284510 11 1
2139 3 12
70262 2 27
2018 1 10
284686 6 16
2224 11 12
42515 10 26
1990 6 22
93154 9 17
1910 3 16
283809 10 2
2003 7 19
133702 8 19
1992 8 28
307465 10 22
2078 3 18
286129 10 19
1982 3 23
176281 3 1
2065 6 4
41095 10 24
1934 9 16
162635 4 30
2033 10 6
388276 10 8
2021 10 3
273680 11 29
2220 8 20
333422 2 15
1915 12 22
48976 3 18
2254 9 23
274226 3 12
2047 6 1
350419 4 13
1972 4 15
365859 10 12
2007 7 30
101339 2 20
2099 10 16
322044 3 20
1910 4 22
389118 5 23
2154 6 5
104045 4 20
1980 11 11
315846 7 30
2062 1 8
243745 4 5
2280 4 30
291973 9 24
1984 7 28
191886 6 24
1924 1 2
336327 11 3
1982 1 7
232308 9 7
2269 5 24
399024 5 3
2020 9 6
162668 1 16
2274 8 30
329697 6 20
2107 12 3
94739 4 3
1925 3 8
159458 9 7
2016 4 4
187469 3 9
1907 10 6
377415 12 7
1902 12 17
306436 4 29
2269 6 21
183367 6 30
2036 12 30
311209 1 10
2125 1 23
307714 10 19
2277 10 25
245288 12 20
2015 1 10
176967 9 25
2023 11 27
133266 12 1
2057 2 30
204934 9 15
2019 11 7
272712 11 16
2284 11 20
90673 12 30
2086 6 5
103615 6 27
2295 9 3
129449 7 9
2030 9 2
393613 6 24
1917 3 19
400224 1 19
2248 4 7
142501 8 15
2028 11 7
272225 7 7
2079 5 18
358808 2 17
1902 11 27
375921 4 8
2180 6 26
368408 7 4
1914 4 12
337257 11 26
2167 8 19
300200 7 19
2249 5 4
270298 3 22
2298 6 28
122420 10 29
2153 11 2
250677 6 15
1925 3 17
240274 6 14
2232 11 29
267452 4 19
2176 3 29
380998 11 27
2037 3 2
81841 8 21
2039 1 30
191274 10 18
2266 9 23
9609 9 4
1921 3 17
294423 7 20
2051 3 10
150086 9 15
2256 5 24
49684 6 18
2091 7 14
42610 6 13
1923 6 13
75225 8 3
1912 3 9
113442 11 19
1961 8 17
339636 2 8
2166 11 1
78008 5 6
2015 4 29
362913 1 10
2046 1 8
347647 10 22
2013 12 12
388845 9 14
1905 10 26
247028 12 25
2042 8 26
75849 10 29
1944 6 1
287289 9 1
2212 2 11
142265 10 5
1964 5 12
382093 12 23
2228 3 22
37085 9 28
2004 1 22
288321 1 21
1905 8 21
119686 7 1
1914 8 21
41986 7 9
2232 8 17
39016 6 22
2036 5 25
127194 12 25
2210 9 29
318137 9 4
2111 6 6
143381 8 24
2057 8 14
276017 5 2
1974 6 10
376150 2 20
1951 9 20
26738 8 15
2204 12 22
52797 10 29
2079 4 20
294376 11 30
2084 4 9
331275 5 11
2289 6 29
200461 9 21
2034 8 19
156933 6 4
2252 6 26
152658 11 3
2064 5 28
301672 1 5
2148 11 2
75864 2 29
1990 6 12
81210 8 17
2113 8 29
324781 10 9
2255 7 11
174125 7 13
2297 10 22
358282 9 12
2086 6 22
240118 6 15
2101 9 14
161466 12 19
2223 1 29
316980 9 21
2224 12 6
376981 11 3
1994 3 29
370005 6 5
2294 3 17
61707 3 13
1904 2 13
368583 9 13
2015 10 28
400948 12 6
2103 10 10
109635 10 11
2069 5 19
10425 7 25
2273 5 19
176468 3 24
2012 8 23
7328 12 7
2058 1 3
98168 9 12
2174 1 8
137642 7 20
2121 9 30
357931 2 11
2054 5 9
52951 2 4
1994 12 5
67958 6 15
2181 12 10
36809 7 1
2053 2 15
133710 9 18
2084 4 12
343664 4 11
1975 3 28
226614 5 27
2052 11 20
188902 9 9
2041 8 27
357073 2 14
2255 4 24
224323 2 17
2131 5 15
105868 12 13
2179 1 29
17067 4 7
2140 8 24
207966 10 1
1968 3 10
62345 9 28
2291 4 8
287555 4 26
1990 8 24
195387 3 8
1915 3 6
222041 3 8
2114 3 13
344302 8 11
1918 12 28
229907 8 19
1987 1 17
190620 9 7
2271 1 15
388550 5 12
2243 5 5
338416 4 18
1932 2 18
47828 5 7
2004 10 6
154315 4 14
2075 5 21
197222 12 6
1968 7 4
106800 8 24
2080 10 18
289471 8 8
2290 5 12
239657 2 9
2260 6 29
72318 12 22
2019 6 30
219483 8 12
2110 10 5
368873 2 11
2005 8 28
12291 4 18
1975 11 27
290129 12 16
2198 2 27
175712 8 17
2051 1 28
296130 10 12
2239 8 7
89369 2 15
2053 1 22
399483 4 22
1912 12 10
112655 9 19
2170 9 16
66053 5 14
1900 10 10
381393 8 3
2104 11 30
203584 12 13
1985 12 29
328671 9 22
1966 9 12
86351 11 20
2114 6 13
158399 4 9
2169 3 13
115785 8 30
2067 3 14
212049 12 20
2251 1 15
341132 11 29
2077 8 26
171950 2 17
2185 9 12
27511 3 3
2101 5 19
99189 5 18
1927 2 6
84365 7 1
2103 2 15
346079 5 1
2081 4 26
26544 9 16
2103 3 5
305940 9 18
1917 10 16
320417 10 27
2230 4 18
400615 9 26
2265 12 20
390806 12 28
2094 4 8
67198 2 26
2094 6 29
163950 12 6
2140 12 4
253891 1 6
2131 4 15
299786 8 2
1962 10 3
257147 2 24
1999 8 27
89351 11 9
1993 10 4
243260 3 5
2256 10 16
20638 4 2
2169 3 4
89420 9 30
2096 4 11
29752 3 27
2037 9 2
390347 1 26
2031 4 15
226601 2 16
2240 11 18
238659 7 4
2016 12 21
137606 4 14
1948 12 1
43516 11 7
2109 3 4
369961 9 22
1960 8 17
287594 1 15
2271 2 22
255805 5 25
1925 1 21
46104 12 11
2033 9 26
146809 11 3
2239 4 9
6904 11 17
2214 7 20
183773 12 25
2247 1 17
91524 8 5
2168 6 5
94534 8 4
2243 11 25
173364 2 5
2205 11 28
13703 8 18
2285 5 9
31796 10 29
2218 11 29
66927 12 15
2142 1 19
315804 12 27
2112 11 11
29575 2 3
1964 8 2
340819 10 28
1944 11 28
398462 2 30
2264 12 8
31924 6 26
2165 1 5
256004 10 2
2072 11 17
34449 9 4
2024 11 30
68130 8 15
2261 1 26
270776 10 25
2143 5 11
267317 5 19
1910 1 22
110858 8 21
2093 10 12
294859 3 21
1999 8 9
153952 8 13
2175 12 28
200216 4 9
2251 10 11
348765 2 25
2192 9 9
128317 3 16
2280 6 16
359619 4 12
2014 1 20
112074 6 6
2202 12 25
231529 6 6
2148 8 6
402288 3 7
1983 5 22
154934 8 13
2181 2 18
267274 2 13
2240 9 28
231953 12 17
2277 10 7
145539 2 16
2121 3 7
37271 7 10
1957 11 15
326280 7 18
1931 7 24
366610 4 29
1928 1 5
388990 12 6
1937 12 3
234706 4 2
2121 9 18
65545 11 13
2140 8 14
36243 12 30
2033 12 27
145126 6 9
2165 2 23
84884 8 21
1992 9 11
333532 9 26
2288 10 3
98484 6 15
2155 4 14
18781 2 26
2185 3 10
374552 3 18
2209 9 27
320455 12 18
2228 11 15
176000 10 13
2065 11 30
321273 6 26
1924 2 4
343281 10 5
2041 12 14
299651 2 25
2126 10 10
66312 3 7
2001 5 30
45561 7 18
1911 1 13
391997 12 24
2100 2 2
323360 7 7
2199 12 19
18705 5 5
2268 10 2
330386 3 7
2110 1 6
61591 7 7
2082 4 15
54333 2 11
2274 4 22
121875 5 7
2098 3 16
365966 2 20
2268 10 4
159791 1 7
2030 8 7
388974 5 5
1968 6 4
349155 6 14
2204 1 20
37051 2 3
1935 7 4
378619 6 7
1959 3 21
353687 4 14
2091 1 29
401178 2 11
1989 10 19
17473 10 29
1924 3 22
382110 4 4
2207 8 27
368715 10 5
2069 11 17
218701 7 9
2177 2 13
206422 5 26
2241 1 4
57555 4 12
2136 9 5
104368 2 5
2010 12 10
298519 4 21
2025 3 20
62491 9 21
2259 6 2
310356 2 9
1957 1 24
82434 9 1
1965 9 27
88737 4 10
2063 5 1
272658 9 4
2201 3 26
100720 1 25
1908 5 22
233116 12 4
2190 3 19
82031 10 22
1902 1 8
175029 7 22
1958 1 5
302678 2 3
2060 1 24
183324 4 4
2225 3 19
341350 10 7
2229 12 24
74308 10 16
2170 7 8
189933 4 26
2173 11 11
74074 12 16
2040 1 12
22693 6 2
1916 9 12
361198 1 19
1982 2 30
306973 10 15
2101 1 10
70973 8 13
1941 5 1
369172 9 27
2259 1 12
398639 11 19
2053 7 19
234578 9 17
2249 1 17
198681 7 19
2043 3 11
131353 5 3
2229 12 28
99294 12 12
2063 10 2
255216 6 4
2258 9 11
89289 7 18
2210 6 9
181589 3 15
2074 3 26
80494 8 4
2216 8 18
84932 12 28
1963 3 13
28372 9 17
1952 8 15
137268 4 8
2272 8 12
180577 2 15
2177 9 3
41665 12 26
2273 2 26
44754 7 1
1913 1 10
244689 10 26
2143 4 14
68547 3 1
2196 1 3
333096 2 26
1945 6 14
281899 4 25
2261 7 22
100095 2 7
2239 12 14
93364 9 26
1961 10 4
140453 12 22
2066 12 7
277327 10 17
2111 2 8
261693 11 26
1995 1 5
304044 8 24
2230 11 23
384899 2 7
2038 10 11
25205 9 28
2110 3 13
118091 5 2
2094 5 14
154867 7 11
2029 5 16
369846 2 18
2147 7 5
286295 7 27
2035 12 1
247163 12 13
1914 7 30
131048 3 8
2092 4 4
125757 9 19
2238 12 27
326523 10 10
2076 5 16
392596 7 17
1935 12 22
142831 6 13
2187 11 1
125464 2 21
2263 7 12
222280 12 8
2196 1 14
386415 6 30
2261 3 21
40370 4 13
2050 9 23
323069 6 13
2010 12 8
23428 7 2
2152 6 21
74646 12 30
2104 3 26
297755 2 12
2151 4 9
280180 3 23
2245 4 22
366846 7 22
2112 6 18
378645 12 30
2031 10 4
152005 10 17
1924 5 16
207677 11 28
2150 9 4
222245 6 11
2150 3 28
147493 1 21
2049 7 27
251646 3 16
2293 10 20
71368 6 5
2110 3 11
100859 8 14
1901 7 8
265896 4 12
2288 8 3
69899 11 25
2034 9 18
115084 10 1
2221 3 7
307422 8 15
1985 11 21
300859 3 6
2275 7 13
155978 2 19
2291 2 3
278539 1 24
1920 9 23
41190 10 24
2152 1 15
124884 2 21
1972 1 10
101859 11 21
1976 7 30
230841 11 26
2094 9 1
392299 11 24
2263 9 21
320460 9 8
2158 2 5
264538 1 2
1941 12 6
121130 2 10
2016 5 20
110868 2 29
2006 8 20
350973 2 24
2178 7 12
316078 9 30
2296 10 29
371501 9 2
2133 12 15
64915 10 21
2184 3 1
351102 10 15
2125 8 5
276266 10 8
2279 12 24
162702 4 30
2283 11 10
279665 10 22
1988 8 4
306764 10 13
2224 4 10
280219 7 27
1921 12 30
72782 3 29
2106 6 10
231586 7 5
1936 6 21
227443 7 9
1984 11 29
328999 5 15
2010 9 24
159663 8 11
1911 10 5
327481 1 26
2269 9 30
57851 1 29
2109 11 20
207631 12 2
2261 1 30
275234 5 13
2037 4 21
353466 5 14
1967 10 5
384030 7 16
2212 11 21
194402 9 29
2183 3 9
312378 12 24
2144 6 16
116769 12 8
1959 10 27
155543 4 16
2134 12 1
261258 1 11
2098 7 27
394701 7 24
1953 6 26
336198 9 5
2015 8 15
63785 11 19
2197 1 14
48657 2 19
1997 12 26
309878 8 6
2083 2 19
356567 2 21
2164 5 10
319768 10 1
2108 6 22
401439 12 22
1933 11 22
339443 10 29
1903 9 8
19877 12 28
1942 8 16
288914 6 14
2277 12 23
370366 10 26
1936 4 25
316967 4 1
2209 6 14
193592 1 29
2122 1 9
15047 4 25
2121 1 19
182007 7 26
2217 2 28
302760 9 27
2189 10 29
52582 1 24
2159 6 9
194341 1 30
1900 3 2
34061 12 21
2143 12 9
321602 3 30
2088 2 25
264242 12 24
1971 8 8
285102 1 25
1958 3 19
243282 8 7
1906 4 8
174363 7 8
2118 7 2
302660 1 9
2291 12 22
351470 10 13
2282 8 7
383425 5 12
2085 5 12
132750 2 15
2030 5 11
301020 5 14
1950 7 27
373778 2 15
2005 2 11
250094 12 19
2159 8 18
204741 11 22
2081 3 28
97480 8 5
2156 6 12
310457 4 5
2092 6 28
398833 2 2
2136 11 7
97931 11 12
1904 2 16
27570 12 29
1951 3 19
198074 4 19
2055 10 15
177249 1 5
2162 5 13
12814 8 18
2095 8 21
324408 12 16
1925 12 7
359266 2 13
2095 10 22
377119 2 10
2041 9 20
363746 4 20
1966 9 26
47884 10 5
2181 11 1
293186 10 5
1959 10 14
385171 7 18
2063 2 4
360284 10 3
2030 9 11
62614 9 14
2135 7 14
223372 9 27
2213 7 28
58673 5 28
2232 6 22
141809 11 17
2135 10 6
241667 3 14
2109 8 18
177678 12 1
1978 2 8
108736 6 2
1901 6 11
144925 2 19
2102 4 6
365694 4 3
2268 6 7
197509 2 21
2225 6 25
345377 3 18
1935 8 2
284773 11 1
1957 9 15
228177 6 15
2230 1 11
165301 7 20
2026 2 6
119034 11 16
1900 5 19
8293 4 20
2299 12 11
345714 4 8
2290 2 30
361036 7 28
1964 5 7
271389 4 29
2254 4 4
65268 2 4
2150 3 20
176224 8 8
2195 7 18
182060 5 25
1962 3 4
13532 8 3
1985 7 29
168508 3 19
1947 11 12
309300 2 10
2228 3 7
82310 4 12
2244 8 13
359708 12 26
2194 11 1
333326 5 18
2291 7 1
364319 8 17
1929 9 1
194080 6 20
2009 5 18
251170 12 22
2068 7 1
26439 11 28
2283 4 2
79022 12 11
1967 4 2
283535 7 27
1997 7 24
55326 8 30
2236 9 21
128160 5 16
2231 10 29
303304 3 30
2264 10 19
8689 9 16
1927 2 13
274087 1 24
1902 11 30
183796 6 20
2127 4 23
68775 6 11
1936 12 4
54473 7 19
1973 7 26
254513 8 24
1922 9 18
144826 7 16
2119 10 22
347852 3 6
2133 3 4
400217 6 16
2126 3 20
23180 1 14
1989 7 8
244506 11 23
2108 8 6
279573 12 15
2283 12 5
25920 2 12
2220 9 7
360707 5 19
2151 9 3
243304 7 18
2163 11 18
331916 1 23
2140 7 22
135168 4 15
2059 11 18
321093 6 27
2234 2 27
61015 5 17
2219 7 24
342656 2 24
2040 5 28
85566 2 22
1999 10 19
162825 8 11
2204 10 15
66560 11 8
1972 7 19
39640 11 24
1965 6 8
157969 6 7
2122 10 21
359451 4 7
2148 9 13
88388 10 5
2191 8 25
19567 9 7
2190 11 28
348274 1 8
2186 10 18
130109 5 19
2252 2 15
162665 2 25
2048 3 23
238062 2 30
1937 7 8
344595 5 4
2297 8 23
117427 1 20
2089 4 8
239235 5 19
2224 6 27
84816 9 2
2173 8 10
75655 10 10
2258 7 25
16566 10 16
2197 1 2
101053 3 22
2171 9 1
258978 3 22
2145 8 21
392118 3 11
2157 8 20
226229 3 29
2139 2 3
133019 2 9
2210 7 13
283763 7 26
2241 1 30
196415 9 20
2232 12 26
73997 10 4
2106 1 17
165583 4 21
2054 8 16
281591 9 28
1978 9 18
48024 7 14
2169 5 28
168698 3 9
1962 8 3
97447 5 4
1952 12 25
226393 4 12
2185 1 25
184360 5 13
2075 10 2
63360 4 4
1990 10 17
290094 5 19
2172 3 7
75539 10 22
1952 9 10
54235 9 8
2245 9 10
46266 7 3
2128 10 16
347256 7 7
1976 1 30
36760 2 14
2252 1 6
269310 10 4
1991 9 13
17727 2 1
2045 5 29
55888 3 19
2095 10 23
367183 11 30
2291 12 17
57614 2 20
2205 9 23
196983 3 3
2054 10 13
138827 10 30
2258 7 23
308134 4 23
2233 5 12
214283 1 26
2110 5 22
145980 5 22
2195 12 28
241760 1 3
2146 12 12
318799 11 12
1948 3 7
34841 2 27
2189 5 3
384943 10 10
2072 10 6
113325 11 11
2296 10 5
157365 6 30
2295 3 17
185087 11 14
2271 3 18
263089 7 6
1920 9 30
302220 6 1
2022 2 30
214796 8 28
1964 3 30
218476 6 2
2148 10 1
140886 5 18
1952 6 8
283119 4 29
2274 5 4
375807 6 8
2071 4 25
197510 8 8
2190 9 28
62824 5 30
2088 2 25
357107 11 2
2053 7 20
239862 6 10
1970 1 10
2823 3 4
2055 12 22
129045 8 13
1923 5 14
260790 6 14
2292 6 30
212698 10 7
2108 5 2
90893 5 23
2201 9 1
335528 4 20
2076 3 6
393659 4 16
1991 8 13
372865 10 24
2192 3 4
192444 6 6
1916 5 30
70680 2 10
1928 12 1
118337 6 27
2222 6 11
182601 12 30
2157 12 16
37389 12 12
2296 6 17
294523 5 21
2085 1 6
37555 7 8
1926 11 5
99732 7 29
2027 12 15
374483 12 8
1901 5 14
322817 4 8
2079 1 12
164942 9 19
2250 4 21
274097 4 1
2049 5 16
128595 6 26
2036 1 18
155854 4 29
2274 8 17
398903 4 30
2229 2 9
331888 9 24
1981 12 23
55530 6 11
1996 1 27
214151 5 5
2027 5 29
363053 11 18
1907 6 10
337774 7 2
2094 6 21
374873 6 11
2150 6 9
155552 4 5
2181 11 20
31393 4 12
2299 9 8
329115 8 10
2084 9 10
5234 9 20
2261 1 19
358880 8 27
1911 7 18
375516 4 5
2025 10 12
291768 9 17
2255 2 4
73643 3 19
2283 1 7
293678 4 2
2053 2 2
366851 3 8
2066 2 24
236127 8 21
2250 2 8
196149 2 26
2075 8 21
225404 12 15
2154 5 30
239641 2 12
2182 7 5
262282 4 20
2156 10 23
5779 9 16
1970 6 11
61045 12 19
2201 10 21
40790 4 2
2086 12 28
312975 4 14
2229 6 28
181184 9 29
2282 5 26
60152 1 27
1910 6 12
171345 11 23
2218 7 28
314313 5 14
2100 5 14
149786 7 12
2060 7 25
323927 5 30
2162 11 29
138904 10 26
1943 11 19
146962 4 4
2194 5 7
192542 3 12
2032 8 3
116358 5 27
2263 10 6
94805 1 16
2161 4 29
380799 12 21
1982 9 8
274628 3 4
2299 5 20
162751 11 17
2125 7 19
187900 10 1
1916 9 27
391947 1 12
2165 2 10
227613 11 8
2226 5 10
140796 7 20
2152 1 13
295519 2 4
2252 8 4
353144 11 17
2222 5 4
78896 9 9
2073 3 4
47432 5 9
1994 9 23
233785 12 12
2107 2 14
237490 4 23
2264 1 21
195544 3 21
2286 1 19
131687 12 17
2210 1 4
323459 11 29
2141 11 30
49879 11 14
2286 3 26
221851 6 14
2055 8 29
232666 4 28
1955 1 3
25825 10 28
1917 7 2
387392 10 17
2257 1 21
382359 1 14
2253 5 8
199454 9 17
2104 5 26
200757 6 14
2206 1 19
344858 5 7
2069 7 27
303128 9 18
1918 6 9
12456 9 3
1934 12 2
134526 7 23
2120 8 27
235796 3 24
1925 3 10
184999 11 29
1996 1 11
15673 3 26
1918 11 27
372832 6 7
2225 10 27
152556 5 28
2297 7 1
214635 11 21
2008 4 15
277525 10 19
2038 12 21
379839 5 20
2040 8 7
233425 1 30
2156 2 10
236138 8 17
1914 7 29
385132 5 1
2033 12 27
250168 3 10
2189 3 18
53228 4 3
1929 10 19
275875 4 29
1911 6 10
355757 5 18
2290 8 13
298527 10 9
2219 9 6
116620 9 3
2189 7 4
331365 3 13
2181 8 29
159472 8 11
2070 7 27
324157 3 10
1946 3 30
141964 1 7
2237 10 22
44250 7 29
2286 11 30
45327 7 29
2039 5 10
381502 9 9
2071 3 20
148801 9 3
1925 10 24
11679 1 1
2288 10 23
223133 9 25
2077 3 21
163350 2 20
2253 7 13
369102 2 22
2064 7 10
84976 2 2
2213 4 12
348329 11 10
2134 2 10
70039 5 6
2053 4 13
219001 7 9
1981 8 7
30261 2 17
2131 12 10
30614 6 29
2185 5 3
351123 4 19
2217 1 25
378852 11 16
2273 8 3
324054 5 13
1986 8 24
101353 12 24
2053 2 19
380808 6 13
2121 5 10
20783 9 14
2079 5 2
166072 9 10
2113 4 11
33877 7 26
1926 2 8
160167 7 3
2021 9 10
139328 4 28
2274 10 19
393432 3 14
2217 9 2
5494 11 30
2089 9 26
348803 1 1
1994 3 11
191617 12 20
2086 12 2
131603 7 28
2079 9 16
393668 11 23
2122 6 14
75691 5 3
2066 8 18
315680 2 15
2026 3 22
190914 6 17
2280 10 14
363366 5 26
2273 5 25
131469 12 7
2097 12 15
168496 2 30
2235 2 25
60147 1 28
2283 1 26
97811 8 15
2065 2 18
191207 12 3
2078 7 21
236630 8 12
2260 9 15
209550 1 8
2111 1 19
21479 5 25
2082 9 6
336434 2 13
2238 10 8
246815 7 8
2270 2 18
47528 7 7
1925 8 22
31165 2 1
2033 2 29
323156 6 11
2056 7 10
269205 4 30
2003 3 28
112681 1 20
1922 8 23
266285 9 18
2146 6 8
281173 1 22
2275 9 11
90485 11 16
2288 7 17
19957 5 15
2048 7 23
179337 11 6
2001 2 28
13982 6 4
1983 8 27
212130 8 4
2198 12 22
108981 5 12
2261 10 18
48546 7 13
2159 3 7
255640 2 18
2198 10 20
69613 5 23
2148 9 27
74458 3 6
2221 1 10
226813 4 27
2163 10 5
285900 9 25
2234 11 3
153943 5 24
2272 3 25
221773 2 1
1927 3 13
342644 5 13
2258 4 6
342173 10 7
2183 9 20
198022 3 6
2244 9 7
185200 11 7
2172 4 18
99113 7 19
2024 2 6
39693 12 26
2122 7 28
208054 8 15
2296 3 25
370305 9 29
2022 11 12
183438 9 16
2047 8 21
141475 5 6
2299 7 6
400276 9 4
2040 6 2
242257 1 4
2005 8 17
127359 5 22
2244 12 24
201276 12 4
1957 12 25
100606 12 3
2005 12 11
282153 2 19
1940 11 9
46091 3 1
2089 12 8
320239 3 2
2290 8 7
289201 2 3
1938 1 25
221197 12 12
2087 3 10
388097 4 28
2271 1 30
209814 7 23
2061 6 27
316212 2 25
2009 2 6
179777 4 26
2220 12 11
135476 7 8
2001 7 30
130184 5 1
2103 3 28
263157 5 13
2006 8 4
275768 4 30
2040 1 11
247409 4 12
1968 6 6
218375 4 19
2151 4 27
246916 12 17
2131 6 17
19615 6 16
2104 7 13
276689 9 3
2168 9 13
72285 11 1
1993 6 5
173897 5 20
1971 11 8
283083 10 27
2024 3 14
120638 8 9
2219 3 2
9722 12 17
2234 11 18
166329 3 16
2251 6 7
40950 12 28
2119 9 11
185902 6 26
2093 3 11
232414 7 18
1934 11 19
345386 6 25
2265 6 22
187827 11 21
2073 4 24
195446 3 20
2160 10 28
63096 10 26
1979 3 28
263542 5 3
2253 7 13
159088 12 5
2183 3 12
55764 1 10
2177 7 2
319978 11 18
2190 7 14
89689 9 23
2034 2 29
320210 6 8
2014 11 23
229149 8 29
1935 10 5
7015 6 7
2107 4 25
285949 11 5
2097 3 7
15615 2 9
2168 6 6
204542 7 22
2296 5 5
68061 8 16
1925 9 24
401514 6 15
1979 2 18
392085 12 17
2055 5 10
338224 2 27
1995 2 30
176835 9 22
2172 7 30
361757 1 8
1992 1 22
185487 2 21
2203 10 15
95535 3 18
1983 5 4
216706 6 4
2032 10 19
140570 4 27
2271 3 22
219335 2 2
2116 6 26
204557 7 11
2184 11 20
15867 2 24
2132 4 1
378597 2 28
2143 1 15
34857 8 4
2173 4 10
220378 11 13
2208 5 19
359296 11 9
2160 9 21
10166 8 8
2028 12 8
327631 6 12
2050 2 12
111825 12 12
1965 3 22
75986 7 3
2097 2 15
326301 11 22
2003 4 17
46976 12 30
1947 12 25
3252 1 2
2243 1 22
372340 7 30
2225 8 11
28948 2 30
1930 1 11
55845 5 25
2098 7 8
241767 4 29
2155 11 1
47063 10 30
1954 3 3
285335 8 5
2278 9 19
185610 11 14
2196 7 28
267822 4 19
2031 12 16
125518 11 18
1906 5 16
183589 9 2
2207 3 22
115264 7 22
2185 4 7
355871 9 20
2116 10 22
127406 12 17
2151 5 12
210712 5 7
2076 2 5
146831 9 11
2018 9 17
203903 5 25
2202 5 26
20482 12 5
2298 3 30
394016 10 7
2199 4 7
58984 2 24
1948 3 14
307636 1 19
2117 9 11
207794 3 7
2295 1 18
289901 10 20
1990 8 22
166662 3 9
2237 10 16
192702 6 19
2035 3 25
399350 12 12
2086 1 4
73070 12 28
2147 5 24
262900 11 11
2225 7 13
361805 12 7
2113 9 12
393391 7 13
2274 11 23
222668 11 11
2031 2 26
370005 12 24
2019 3 10
170382 2 26
2089 4 22
301887 12 28
2218 6 8
32299 3 22
2276 2 14
112899 11 5
2298 4 11
12217 5 15
1926 1 27
246705 4 9
2179 7 1
243288 4 27
2089 5 29
13700 3 29
2206 9 3
212973 12 27
2051 2 10
225776 9 7
2194 1 7
84338 4 18
1909 12 30
200974 3 13
1985 5 10
90086 3 28
2145 2 15
140722 2 15
2087 8 11
273017 8 18
2219 12 24
96517 9 2
1922 3 14
280541 10 11
2110 10 21
372130 7 14
2060 7 10
63739 6 25
2130 1 10
121743 6 4
1918 8 20
171060 5 19
2008 1 13
2783 10 11
1987 3 18
82405 8 21
2205 6 22
73268 2 4
1950 3 30
323939 3 10
1963 3 27
70035 2 11
2117 6 14
244852 9 9
2223 10 18
47442 5 23
2101 4 2
19375 7 25
2241 10 1
95189 8 10
2004 12 27
360320 6 15
2162 3 21
33927 5 4
2059 3 30
12560 8 16
1989 9 25
383428 5 19
2089 4 21
196478 4 17
2273 9 11
245030 11 13
2177 10 1
204330 2 17
1952 8 20
335058 4 9
2171 6 4
135322 1 27
2201 9 13
158717 12 18
2295 11 12
7478 12 1
2143 2 6
397630 1 1
2285 6 14
135094 12 10
2152 1 9
385398 9 24
2185 11 23
127779 7 23
2159 1 19
315752 7 2
2118 6 24
32675 3 12
2236 1 8
275716 12 6
2075 2 27
130922 1 21
2114 8 5
214590 10 10
1929 12 18
283142 3 4
2248 9 20
116799 4 23
2223 12 21
396804 7 23
1900 6 16
303487 4 22
2209 4 21
374747 3 3
2228 11 28
401845 2 15
1957 4 24
320443 1 13
2121 12 6
184677 1 14
1983 12 6
110418 7 11
1916 4 15
312334 2 20
2190 10 11
352028 4 16
2011 3 2
33441 7 24
1920 7 22
178389 10 1
2046 8 15
168010 8 15
2008 1 5
125980 9 25
2013 12 14
119759 9 9
1952 4 9
236441 9 19
2099 12 22
26023 3 14
2276 11 6
393321 9 24
2230 7 26
301734 7 6
2064 9 20
127206 10 1
2057 1 4
325861 11 18
2232 9 19
74406 11 4
2002 6 16
101889 11 6
2224 1 3
338501 4 4
2286 6 21
236015 1 1
2127 5 6
37565 6 9
1915 6 6
303934 4 29
2206 1 28
362011 3 22
2196 3 11
186192 1 21
2048 4 4
112521 2 20
1946 10 28
79010 7 17
2123 11 7
336971 8 26
1982 2 4
112784 10 13
1932 4 23
268286 5 12
2084 12 25
131703 8 1
2269 3 28
43113 8 28
2241 3 14
318681 5 5
1962 11 9
361256 4 6
2209 8 23
291502 5 13
1909 11 1
175275 1 12
2203 12 22
268042 5 15
2111 11 1
276163 3 5
2132 9 10
233406 2 21
1969 10 8
7623 5 5
2053 9 2
109075 8 24
2290 11 23
219917 2 24
2249 11 8
269939 9 26
1981 9 15
30422 3 4
2040 2 1
231430 7 4
2034 2 22
8976 4 14
2203 12 5
370164 5 7
2182 6 13
156967 2 19
2292 7 19
101174 1 25
2248 11 23
300420 11 21
2107 7 10
369875 5 2
1943 1 26
263660 11 15
2184 4 19
378484 9 5
2067 6 27
24389 5 18
2166 8 16
236772 4 25
2205 1 12
229734 8 1
2197 9 26
151090 11 29
2240 4 9
184518 1 16
2148 9 28
64691 4 14
2283 11 1
285087 12 22
1935 6 8
47359 7 5
1927 12 27
97141 9 4
2236 9 15
295047 7 19
2108 12 4
261150 1 24
2110 12 9
142819 5 21
2114 4 15
193849 6 25
2190 9 5
302984 10 22
2289 3 5
94716 4 28
2208 9 11
64281 11 20
2241 9 11
217078 1 3
1944 8 4
231228 5 24
1937 8 11
337829 7 27
1961 6 7
95000 1 28
2155 8 6
341271 6 16
2198 8 22
180640 9 20
2261 5 1
341459 7 21
1948 11 28
184960 12 27
1964 7 12
152629 11 23
2107 11 24
273696 3 18
2151 1 2
53560 10 2
1961 7 18
255537 11 27
2208 10 4
166783 1 2
2232 4 6
365974 8 30
2204 2 30
220916 11 19
2163 8 3
311021 5 2
1988 12 30
77013 1 14
2125 7 3
376016 7 19
2151 5 7
54292 5 30
2101 1 30
178091 5 7
2073 4 20
63950 9 15
2296 10 7
52967 7 10
2144 2 1
103291 12 5
1921 5 23
214685 4 3
2158 10 6
354044 9 2
1942 8 19
105931 4 11
2220 11 2
203896 8 19
2088 12 27
115596 1 7
2173 9 22
35650 3 30
2250 8 29
298241 10 30
2018 2 5
117068 5 11
2123 12 28
354731 5 3
2097 2 6
287389 12 7
2228 12 16
114638 10 6
2220 4 3
316599 5 28
2145 8 17
381696 10 12
2252 2 30
157437 8 14
1933 12 18
208431 10 3
2132 3 12
177540 11 30
1969 9 12
275799 4 4
2088 10 11
56335 6 6
2017 4 22
183556 7 16
2105 4 15
359584 4 7
1962 11 24
68309 4 12
1904 1 5
366135 11 19
2082 6 8
282873 12 19
2251 6 20
395571 6 19
1975 8 2
112149 4 6
2163 2 19
245335 10 19
1985 2 29
30131 8 20
2045 9 17
8232 9 15
2107 6 19
364079 2 9
2171 11 25
95834 3 19
2127 10 5
382487 12 2
2108 11 9
75074 12 18
1909 2 10
74335 3 24
2058 8 13
180515 6 17
1909 7 9
252575 8 25
2136 2 21
357248 1 5
2005 9 18
64900 9 15
2295 2 1
191633 3 22
2206 11 23
91619 3 15
1972 3 30
68300 6 8
2238 10 20
143612 12 5
2081 8 28
194481 2 1
2046 10 11
264231 6 5
1900 8 8
88386 5 20
1957 7 23
98317 1 18
2001 4 19
105871 8 18
2026 9 20
267251 8 16
2056 6 7
246881 7 10
2001 1 22
263974 2 2
2140 3 6
367765 1 6
2211 1 28
330121 12 14
2167 5 26
100836 6 22
1987 6 18
279526 8 19
1976 6 29
400688 1 6
2271 12 8
45599 8 8
2278 11 19
285363 12 21
2135 10 19
34137 4 28
1935 7 27
362435 9 23
2228 4 5
328651 4 8
2079 8 26
86373 9 17
1979 11 17
72609 1 25
1907 12 17
85185 8 24
2085 2 21
273267 4 8
1907 10 22
358474 7 29
1922 5 19
226309 7 5
2190 9 26
21308 4 4
2178 3 22
348444 2 25
1947 7 2
346999 7 19
2258 5 2
393332 5 28
2279 9 8
206773 11 17
2029 2 30
351945 12 26
2284 6 10
317903 3 7
1915 2 15
99644 2 10
2017 4 26
206163 3 24
2270 4 20
138021 1 28
2060 9 26
317021 3 27
2185 4 7
120883 4 2
2166 2 24
89580 1 28
1944 11 30
198514 10 29
2248 2 11
176846 5 5
2254 12 12
46218 1 20
2140 7 8
113227 7 24
1913 12 21
228898 1 7
2063 9 10
57663 4 16
2252 7 17
223617 9 24
2120 11 13
117873 10 3
2159 1 24
266655 1 29
2017 11 25
267837 9 14
2225 2 26
123468 3 14
2109 12 16
192888 2 16
2009 6 28
328183 9 8
2226 12 15
277387 2 15
1992 11 1
13884 11 22
2032 4 5
256207 11 18
2187 8 26
401079 4 3
2054 8 3
245911 3 30
2151 12 16
389694 3 25
2093 4 1
88325 3 9
2242 1 4
262548 2 4
2014 8 2
285711 10 29
2088 2 15
359702 11 12
1950 8 6
132489 2 18
2001 12 13
240444 11 14
2104 9 7
360465 3 12
2114 7 3
257358 2 15
2225 10 29
167387 10 2
2119 4 13
38296 6 30
2016 1 16
106071 3 12
2042 4 27
16620 7 21
2111 10 16
139615 11 3
2119 3 3
125754 4 20
2182 6 7
156287 1 8
2049 5 9
322673 9 27
2111 3 16
130343 2 13
2242 9 11
324691 9 23
2084 12 29
58952 2 13
2212 9 27
162626 6 11
2124 7 10
119432 11 2
2114 7 17
77224 5 4
2182 4 17
173034 1 30
2194 12 30
336723 12 4
2137 12 26
251965 6 16
2246 12 6
101645 2 22
2085 3 27
225109 11 12
2256 8 2
194909 1 9
2276 5 21
91180 10 7
2282 3 25
169001 8 2
2205 10 30
356155 9 24
2064 6 18
94921 7 30
2117 3 11
374106 3 13
2064 2 23
161546 6 16
2234 2 18
231999 1 19
1946 10 9
373678 1 24
2012 3 3
170377 10 30
1952 3 6
236680 11 29
2055 8 3
226333 10 15
2191 2 22
239025 2 5
2017 3 6
369627 8 12
1943 3 2
164272 8 30
2102 8 25
185766 11 26
2192 1 18
149473 3 26
2073 8 26
192591 11 29
1974 3 29
149284 5 18
1996 5 19
151476 5 17
2049 10 5
58185 2 6
2112 7 10
55798 6 16
2296 5 11
342392 10 3
1922 3 8
206860 4 24
1907 6 29
244720 12 27
2117 11 6
367250 7 9
2152 1 19
391892 1 20
2192 8 8
287903 6 17
2168 12 11
370114 7 20
2150 2 10
282123 5 30
1991 9 8
53629 1 28
2154 12 24
143807 7 27
2298 10 16
308178 5 14
2139 2 24
140554 5 25
1942 6 14
97778 12 5
2171 2 30
296822 1 30
2155 7 16
401396 2 15
2254 7 28
318874 6 9
2279 4 16
39715 7 3
2274 12 21
360712 6 11
2167 10 25
52254 4 15
2023 7 23
374690 7 23
2287 10 2
336526 8 1
1970 4 2
52094 4 7
1975 2 8
361155 4 2
2078 1 15
131397 9 10
2218 2 25
278742 8 14
2180 2 27
173508 9 26
1977 9 18
63757 1 30
2164 11 21
167256 12 6
2266 10 6
39317 11 22
1903 6 19
27648 4 11
2092 12 27
370258 12 8
2257 5 7
51874 2 10
1997 1 23
270598 10 14
1944 4 18
243656 7 11
2182 5 13
198756 9 15
2227 4 22
395740 7 24
2232 6 30
401986 7 1
1904 8 7
144315 9 13
2041 6 18
153717 4 29
1902 6 3
118364 8 28
1970 4 14
153581 1 15
1973 1 17
269141 1 1
1920 9 6
159108 4 29
2207 5 3
216095 1 12
2023 4 1
361346 2 15
1925 11 17
330791 4 27
2072 5 10
223619 1 13
2179 7 22
140164 4 23
1970 11 26
61581 3 4
2148 11 13
247656 9 17
2239 1 26
188936 1 10
2085 12 1
57274 7 13
2154 7 30
11386 7 15
2249 9 18
37655 11 17
2087 7 16
54879 12 7
2292 10 25
284584 11 19
2179 5 10
302260 10 8
2162 5 23
141486 3 10
2014 2 28
43085 12 27
2058 5 2
251253 3 27
2229 5 5
47338 6 21
1981 2 2
25696 7 14
2201 5 1
162158 7 30
2112 7 9
347175 12 4
2158 5 12
133880 11 28
1933 1 20
322326 10 27
2085 10 25
114033 1 15
2184 7 12
206382 5 20
2235 9 21
256865 12 24
2142 11 15
209594 8 29
1980 11 29
125186 8 2
2170 6 10
245991 11 12
2025 6 13
225133 1 16
2298 9 6
119024 6 12
2204 1 16
211802 9 30
2086 2 25
253338 8 1
2057 12 24
171146 5 20
2081 5 2
95594 3 1
2025 5 28
35299 7 6
2102 3 16
85664 8 15
2176 2 5
104239 2 23
2206 1 19
322524 2 7
1997 2 14
231706 1 8
2098 10 24
85058 9 20
2034 10 15
278368 7 10
1940 1 16
21465 5 16
1908 1 6
399666 10 5
2186 4 28
71926 5 22
2290 12 21
175020 11 7
1986 2 3
38960 9 22
2262 9 19
77429 12 11
1989 6 17
228846 1 9
2059 6 11
239761 6 27
2172 5 14
72377 3 11
2191 4 25
31564 3 2
1970 12 27
234335 9 17
1945 1 2
283174 1 17
2233 3 11
377623 4 28
2050 12 27
290791 10 27
2181 7 28
334396 6 29
2161 12 14
227131 4 8
2145 11 17
17493 11 16
2093 5 20
265350 9 21
1923 10 22
88872 2 18
2138 2 12
36664 4 30
2165 6 18
356721 12 7
2087 8 7
94076 5 6
1924 3 11
155435 6 1
2067 2 20
386067 5 8
2176 3 22
316216 5 1
1929 12 18
63104 3 1
1929 12 9
234791 6 6
2152 7 5
15394 6 25
2225 12 28
349771 1 25
1985 12 17
269382 9 16
2162 12 23
139285 12 4
1945 4 24
7568 9 22
2069 3 14
304605 7 8
1942 9 25
401870 6 7
2053 8 11
303848 4 16
2264 1 24
271477 2 20
2254 2 29
67163 12 22
2099 12 27
380765 12 21
2285 4 26
279417 2 23
2005 5 10
144654 7 21
2244 6 21
259267 4 16
2276 11 14
373893 7 17
1921 6 9
200540 11 29
1974 4 14
95344 2 28
2077 4 1
3628 10 21
2074 12 27
247990 10 17
2145 8 23
296000 9 24
2061 11 4
145720 6 24
1957 7 30
16447 9 5
2012 9 6
245445 4 16
2244 9 26
203956 7 9
1947 4 19
329343 6 5
2150 7 1
112630 9 23
2192 8 5
183766 10 1
2037 2 28
242023 6 24
2179 12 11
380535 7 18
2091 12 29
285036 9 21
1922 8 14
18036 10 9
1970 8 15
153565 2 23
2276 8 9
26677 6 12
2230 3 30
299996 2 9
2235 3 2
323991 5 16
2262 9 29
340209 3 18
2164 11 12
215305 3 30
2242 6 10
264573 4 7
2053 3 27
179382 4 18
1940 2 25
3151 10 16
1999 6 12
299537 5 24
2279 11 1
164266 11 9
2129 2 27
92977 9 14
1942 5 2
166213 8 13
2119 4 11
217467 1 15
2113 7 6
333717 3 10
1945 4 22
353452 6 12
2083 11 5
28606 2 25
2055 8 1
6880 9 19
2032 9 22
145725 11 17
1900 6 29
379161 10 23
1962 2 19
285611 11 21
2018 3 4
17766 6 15
2011 1 6
119386 3 5
2123 12 28
387944 6 1
2099 10 23
296878 9 11
2198 11 17
266146 6 29
2284 2 11
239483 1 6
2008 1 22
391945 10 18
1950 1 4
63306 8 25
1939 2 19
145145 7 9
1950 12 16
280025 5 7
2164 11 22
113712 1 27
2298 9 7
252281 3 9
1982 7 2
256322 10 6
2224 6 1
199185 12 22
2061 12 12
102706 6 6
2010 8 14
28463 10 1
2181 3 9
311918 6 11
2070 11 7
399609 4 21
2178 8 11
108726 5 13
2218 9 12
393892 9 7
2062 6 30
153575 1 9
2133 1 8
371135 8 14
2133 4 15
187893 12 16
1949 6 27
251330 5 30
2289 10 9
329165 5 16
2104 5 7
371912 2 15
1975 12 22
164604 4 23
2056 9 29
127302 12 23
2142 6 8
85346 12 21
2122 4 21
224921 8 22
1983 9 16
126299 10 27
2204 6 5
20087 8 15
1935 3 14
98060 8 4
1908 8 11
131809 1 9
2286 1 2
80456 7 15
2179 3 15
231738 2 21
1966 8 14
86611 8 5
2069 9 6
239782 11 13
2214 4 12
178780 9 18
2043 4 27
41483 7 30
1989 11 21
13218 11 27
2164 11 8
400361 8 27
2233 2 30
173934 11 7
2284 1 26
366013 10 4
1903 1 15
68186 10 2
2080 2 24
82676 5 28
2010 4 20
153944 1 20
2248 4 15
261758 3 3
2215 12 5
162098 8 13
2014 2 28
133450 10 19
2211 8 3
114655 7 15
2246 7 17
334574 7 13
1925 9 13
239110 8 13
2294 3 19
276598 7 18
2176 10 24
23371 6 7
2095 5 5
232595 6 22
1950 12 26
178707 10 15
2003 6 17
349004 10 4
2191 9 4
142149 12 4
2092 7 5
52663 4 3
2234 8 19
311117 5 16
1967 2 7
23317 10 4
2171 12 12
362020 4 8
2276 2 13
364643 3 14
2024 4 5
193374 2 28
2263 8 15
380265 3 5
2288 5 29
95190 1 7
2234 5 13
342978 7 3
1953 9 3
262929 5 18
1962 8 19
308903 6 24
2157 11 2
262051 9 17
2112 8 16
197244 3 6
2153 12 24
294757 3 27
2221 2 23
331279 12 14
2138 12 17
80202 8 3
2196 5 15
180389 3 29
2075 8 7
66539 4 6
1918 7 30
56663 5 29
2033 2 13
160348 10 5
2227 9 25
15417 9 26
2169 12 10
66211 11 30
2152 9 20
398399 6 15
2011 8 15
270285 12 29
2162 3 24
382041 4 19
2211 9 14
150730 8 25
2061 8 4
366999 3 19
2233 6 20
170080 8 11
2249 10 26
170108 2 24
2039 11 7
369608 1 30
2105 10 3
354391 3 25
1963 11 1
97293 10 26
2059 10 1
115594 10 23
2132 4 10
304673 12 17
2039 4 3
399310 4 5
1933 3 2
182482 1 18
1936 6 30
360983 2 11
2009 10 19
173201 12 2
2239 12 30
337298 6 12
2030 8 13
15348 5 16
2159 8 5
105396 1 29
1978 6 4
96085 8 25
2092 2 2
351441 10 22
2236 1 14
367802 9 19
1958 11 17
158400 10 2
2034 9 4
43564 7 25
2051 8 1
192198 10 11
1996 3 30
15985 7 19
2088 9 23
178776 7 22
2173 4 11
138719 9 23
2236 7 28
163486 4 3
2250 7 26
362662 11 19
2205 12 26
396843 1 21
2061 1 28
229589 11 16
1988 1 8
6183 8 2
2081 9 25
35099 2 21
1937 12 30
53891 4 4
2290 7 18
26182 2 22
2248 8 26
199401 10 13
1974 7 6
400912 9 17
2145 7 7
242377 2 10
2150 11 27
226788 8 24
2184 10 9
286105 11 10
2267 12 11
117674 8 5
2168 9 17
277166 12 21
2051 10 12
184501 12 16
2226 6 8
202741 5 8
2091 8 12
393113 9 11
1996 8 29
107421 3 15
2172 5 12
379647 10 22
1972 11 6
68698 9 6
1982 4 5
175143 7 8
2089 2 25
195110 11 23
2074 1 25
318176 12 11
2273 7 18
334936 10 26
2047 10 26
7530 5 1
2079 11 12
370638 12 16
2151 5 21
354176 4 7
1906 8 10
279684 8 22
2136 1 9
345105 3 14
2034 2 5
68577 10 19
2027 6 13
398923 3 25
1980 7 10
144722 10 20
2105 6 8
372466 3 5
2209 3 27
55588 8 16
2020 3 1
389316 6 19
2202 10 20
35058 7 10
2276 9 17
363427 2 21
2043 6 27
112884 9 10
2073 6 21
264397 1 25
2188 3 16
286599 2 5
2143 12 15
17854 7 18
2180 11 21
394489 9 7
2262 2 4
354165 6 18
2119 10 3
391794 12 29
1912 2 20
346753 4 20
1922 3 27
282608 1 25
1978 1 2
64406 12 24
1909 9 13
13108 10 4
1994 3 17
148243 8 30
1929 3 27
303770 5 22
1910 11 3
159260 1 6
2234 8 16
157439 2 17
2144 8 14
329772 3 25
2102 3 29
317337 6 11
2231 10 30
80414 2 4
2206 10 16
311027 4 10
2068 4 10
181088 7 3
2167 10 26
275939 5 30
1944 5 16
267167 10 13
2010 6 14
55696 11 27
2249 10 17
265332 4 7
2123 8 17
134131 11 2
1955 3 11
174058 12 13
2295 11 17
103369 4 20
2162 4 27
324658 2 22
2280 3 20
142006 7 13
2261 9 23
381120 2 23
2050 2 24
360317 3 2
2233 4 19
180047 8 27
2148 7 12
38606 8 19
2286 10 3
62892 6 14
1982 1 22
207746 4 16
2248 6 28
310039 8 15
1993 5 24
25861 6 11
2061 10 1
104538 3 22
2115 6 26
104486 8 1
1969 8 24
400726 6 10
2189 10 21
356180 10 18
2089 11 2
82550 7 1
2206 7 21
19619 2 3
2154 7 10
211903 2 17
2178 7 12
308827 11 29
1994 7 20
209998 12 19
1909 9 11
76195 8 19
1932 5 15
91414 4 28
1977 5 29
316749 10 2
2190 7 28
148756 5 16
2192 3 19
171896 10 25
1908 12 30
32421 7 7
1952 6 17
83781 3 18
2269 10 23
65647 10 23
2071 4 18
41126 10 25
2167 2 22
59930 12 1
1905 10 30
116599 7 5
1944 7 9
132127 5 22
1940 10 28
200642 7 5
2077 1 7
229307 1 23
2285 6 17
161318 7 23
1936 1 17
369849 3 13
2097 6 14
334480 2 15
1989 11 10
203694 9 1
2124 7 15
209048 7 30
2065 4 12
132532 4 28
2123 1 17
400785 9 9
1953 6 19
19590 6 19
2123 10 21
329078 5 28
2056 7 27
53804 10 15
1951 11 9
343013 11 14
2221 6 6
9407 12 19
2169 7 30
225751 11 27
2065 6 25
220333 6 12
1900 5 12
395658 8 9
2142 8 22
39255 8 22
2068 5 19
262670 7 5
2007 5 1
14427 10 21
1948 9 19
140495 6 23
2187 7 17
63843 6 13
2041 11 2
4470 8 21
2077 3 6
336922 12 21
2055 12 4
387584 9 24
2053 4 20
398481 2 21
1930 10 22
101538 1 19
2012 6 28
273407 10 27
2282 6 1
197301 10 9
1907 2 18
389655 1 21
2022 9 8
388340 3 28
1956 11 1
237109 11 30
1919 12 25
28400 7 12
2145 6 18
277577 6 24
2159 7 23
243127 1 2
2026 9 14
45667 2 13
2121 2 27
266380 9 21
1993 7 7
134846 7 25
1909 1 10
242890 2 1
2125 8 8
169929 11 2
2139 10 16
286833 7 22
1947 9 2
326791 2 28
2043 11 6
166663 10 16
2022 8 3
269889 9 26
2038 9 11
217596 7 22
1995 6 4
305059 5 14
1948 5 21
260734 3 29
2169 4 5
152109 2 21
2058 2 18
81296 6 8
1933 5 7
49536 3 28
2268 4 8
234668 12 27
2242 10 25
318155 9 29
1932 4 18
396982 1 14
1938 1 18
330327 2 24
2188 2 17
55673 3 24
1974 9 15
394589 1 24
2139 5 2
16458 9 1
2175 6 12
391198 10 15
2176 4 8
88055 6 30
2095 8 18
357702 12 28
2229 9 10
371268 9 11
2275 5 3
97661 3 14
2058 5 18
276081 8 22
2168 5 6
54524 11 14
1919 8 10
191243 4 15
2063 1 30
250194 12 6
2244 11 16
376831 9 20
1914 6 11
134448 5 5
2086 2 8
74898 4 5
2268 3 25
227037 1 22
2000 8 18
111993 8 22
2117 5 21
231975 3 24
2046 5 21
32777 6 20
1979 5 11
363952 10 18
1971 9 29
261134 10 26
2210 4 8
91778 7 13
2209 10 25
232162 6 25
2206 4 5
296264 2 3
1949 2 15
135928 7 29
1911 10 28
183150 8 3
1948 5 13
361930 7 26
2117 4 9
185582 10 2
2036 1 6
66067 9 15
2299 1 22
364625 1 17
1908 12 4
341467 7 13
2252 10 23
366288 9 1
2153 9 30
35346 12 4
1955 4 1
347232 3 17
2085 11 27
210716 7 11
2023 9 3
47340 4 13
2105 8 19
161172 11 20
1976 5 24
75314 2 25
2067 6 5
156785 5 22
2110 8 7
63962 6 20
2009 9 23
284102 10 7
1944 9 1
38547 10 1
1918 3 11
68964 10 8
2061 8 10
171725 1 29
2161 9 4
374328 5 19
2035 9 5
372707 5 26
2098 6 29
40374 10 5
2170 5 22
337841 9 21
1907 7 28
284566 11 8
2001 1 25
64092 12 11
2075 3 14
48181 4 30
2028 6 1
84889 2 23
2113 7 5
268339 8 26
1958 2 21
332516 8 20
2128 8 4
21112 5 1
1916 11 10
184972 6 18
2064 3 24
233751 8 26
2126 3 11
3215 7 17
2260 2 23
159263 1 13
2241 1 14
390870 5 4
2153 9 29
394987 2 23
2270 5 12
99887 8 2
2299 2 25
16108 9 5
2158 6 30
383601 7 8
2190 4 18
235766 11 16
2131 8 11
222006 1 15
2133 6 1
401479 7 7
2209 6 20
61263 5 30
1901 10 12
247651 5 13
2014 4 19
210635 11 5
2186 12 6
30472 9 23
1994 3 27
249478 6 4
1999 8 15
185712 1 7
2008 6 20
14853 9 11
1919 10 10
208923 11 11
2067 6 7
179977 12 14
2035 12 16
314754 3 10
2108 10 4
123758 2 1
1919 3 15
268350 4 9
2142 5 10
96683 12 30
1992 7 20
207141 2 29
2096 2 15
314547 5 4
2256 4 14
201256 6 19
2096 3 10
230335 11 25
2089 8 13
348291 8 17
2132 1 11
278495 7 6
1940 1 13
279067 4 10
1906 3 12
319476 8 26
1930 1 29
316721 4 13
2271 12 24
73276 10 8
2040 10 15
396350 5 29
2194 10 30
308745 5 6
2023 3 27
210461 6 1
2192 6 22
48445 2 14
1995 7 12
214759 9 5
2150 7 20
371178 1 21
2140 12 19
44941 4 30
2179 6 14
277791 3 9
1908 11 14
276656 3 6
2096 4 12
190011 6 13
2120 12 6
159561 11 20
2259 5 1
400401 2 8
2053 12 16
78756 4 19
2133 8 14
297062 5 28
2297 8 14
318653 2 1
2225 3 19
149689 10 25
2059 12 12
84978 9 25
2173 2 6
336278 1 12
2058 10 2
9923 1 15
2295 2 5
132415 3 24
1914 10 23
120190 2 19
1995 9 8
62966 11 26
2265 1 22
350539 6 2
2049 5 19
212408 8 12
2102 1 8
19699 6 17
2074 5 2
124898 8 16
2192 6 8
69416 1 10
2166 5 3
297016 1 20
1947 5 1
348366 8 19
2227 7 24
247982 6 20
2043 10 7
93552 6 16
2173 7 8
75660 7 4
1924 3 13
94159 7 2
1981 8 18
67076 1 12
2201 2 25
205905 9 21
2244 3 9
69821 5 7
2297 9 9
110381 1 15
1964 5 8
89995 2 25
2169 12 7
233395 6 2
2100 10 1
131833 5 17
2064 12 4
277273 1 8
2015 5 20
234879 3 20
2108 4 8
233935 10 2
2102 3 12
197507 9 6
1919 7 13
213839 9 12
1928 11 20
133712 2 18
2164 11 13
214050 7 12
1975 7 27
180277 7 13
2093 9 2
352142 10 21
2261 9 11
264322 4 18
1977 1 28
50834 11 5
2277 11 4
199057 8 13
2006 12 4
339534 8 14
2282 1 11
221246 1 1
2079 4 6
385614 2 14
1992 9 5
280152 8 19
1960 10 30
196727 3 20
2100 6 23
71028 8 23
2122 5 14
345105 3 28
2019 12 26
5541 3 11
2042 10 6
8025 10 2
2009 2 11
224590 2 11
1967 9 26
48148 1 19
2053 5 2
137198 8 8
1943 7 29
194704 3 4
2027 8 1
285388 5 20
2034 11 7
288682 6 20
2194 5 23
375650 12 19
2261 7 26
374055 6 20
2101 5 14
385070 1 29
1924 7 28
342789 10 25
2009 10 2
331039 5 2
2203 6 28
232537 8 10
2080 5 4
186555 5 22
2247 11 25
34622 12 3
2201 3 21
135952 5 20
2238 11 28
130222 6 6
2185 10 30
165158 4 16
2286 9 7
158058 10 7
1931 9 7
26323 4 6
2170 8 3
318151 6 14
2211 2 19
116757 10 28
2230 1 10
85465 3 11
2087 12 15
104993 5 23
2136 9 2
50173 6 28
1929 9 4
226367 3 9
2162 7 30
127959 1 15
2038 8 30
201813 7 6
2215 7 30
180482 9 18
1983 12 27
315884 11 5
1925 2 25
90416 10 20
2205 11 2
99754 7 12
2198 4 23
384641 7 30
2197 4 6
382635 4 7
2178 8 16
283720 10 4
2079 5 9
54818 4 30
2200 6 13
112577 2 3
2202 6 18
121460 2 17
2118 8 22
383797 2 20
2222 4 30
362619 11 17
2078 9 18
246347 3 3
2028 8 9
211845 4 25
1982 11 11
152527 8 21
2252 4 16
32873 1 30
1938 8 30
316427 8 23
2221 9 3
243941 9 16
2076 7 5
166353 9 22
2135 5 6
356793 12 28
2285 4 14
159242 5 17
2080 7 14
163725 5 25
2032 3 3
113670 8 10
2123 9 4
193558 10 7
2258 4 25
172192 9 5
2186 10 25
230829 9 22
1992 1 10
355375 4 3
2162 8 15
374418 8 26
1998 7 6
250367 6 15
2097 3 30
170543 2 5
2299 10 18
13608 12 6
2266 5 8
162195 12 12
2276 9 24
245057 1 18
2095 2 15
200643 7 8
2006 5 22
55407 6 5
2193 8 12
109201 1 29
2074 6 29
231465 4 30
2151 6 13
41587 5 12
2034 12 28
119477 5 5
1912 9 22
83982 5 19
2178 7 14
25430 11 28
2252 10 6
155687 2 6
2258 11 16
11066 4 25
2178 3 28
182092 9 16
2294 12 12
232633 9 27
2150 6 30
224429 9 26
1997 11 20
126700 6 17
1983 9 15
67127 5 20
2018 2 7
390818 11 1
2239 7 7
18998 7 20
1913 5 19
339880 11 17
1988 3 28
309227 3 14
2172 12 1
42345 6 13
2092 2 27
134908 3 5
2257 8 23
193026 10 21
2247 11 28
149372 11 1
2025 11 3
169310 12 22
2168 2 26
102892 3 6
2069 5 6
92701 3 13
2260 1 30
265202 6 12
1983 7 3
64438 8 14
2190 4 20
262030 6 3
2099 7 24
103579 3 9
2096 4 5
14778 10 28
2028 6 10
333250 12 20
1919 10 28
360622 2 27
1955 6 17
187904 5 2
2277 11 6
280939 1 15
2149 10 21
328217 8 16
2079 5 5
372011 3 1
2034 5 27
284730 3 15
2029 5 24
91794 9 28
1972 5 21
379514 3 26
1905 4 7
372600 9 22
1999 4 3
115072 11 6
2112 1 13
243768 4 14
2083 8 21
22801 12 18
2297 11 28
375666 6 6
2015 10 21
355961 7 20
2178 4 15
127370 9 2
2211 5 9
168383 1 1
2062 7 18
40725 8 8
2094 5 20
120729 7 28
2240 5 2
365856 9 26
2057 1 9
248042 11 19
1967 3 21
257975 10 21
2123 10 2
45896 10 22
2068 2 3
240268 2 22
2060 12 5
245932 4 5
1910 3 12
196060 2 27
2121 11 29
148775 4 24
2028 8 13
337216 7 22
2140 9 12
196833 3 6
2151 9 14
343970 6 13
2086 12 5
114015 8 27
2246 11 21
210039 1 17
2253 3 10
69721 6 14
2287 9 17
97374 3 19
2154 5 1
106469 1 26
1976 5 11
219867 8 21
2272 3 20
43209 7 6
2136 9 19
270694 7 12
2296 4 8
347706 3 25
2052 12 25
227051 4 25
2110 7 12
193219 12 1
2170 8 4
237786 2 26
1954 7 20
255434 3 21
2171 5 20
229160 7 21
2281 1 29
293145 3 16
1979 10 27
100298 12 23
1910 6 4
346226 5 10
2295 11 16
6472 12 12
2263 7 24
305493 6 21
2149 10 29
93132 2 17
2169 6 22
93267 2 7
1958 11 28
287303 4 8
2237 12 26
157672 1 24
2007 7 24
283980 2 11
2131 6 11
8045 2 30
2050 2 1
325400 5 13
2196 7 8
371508 9 16
2059 11 12
313019 2 21
2257 1 25
21682 3 16
2010 5 18
224100 3 20
1928 8 21
80586 1 18
1932 5 26
397478 5 10
2122 7 27
344830 5 23
1984 9 7
354000 6 11
2043 2 8
20275 5 12
2028 2 8
339332 12 29
1948 9 14
39983 6 1
2123 3 8
134570 7 24
2279 1 29
180712 10 3
2094 9 27
95082 3 1
2039 11 5
157817 7 26
2279 9 19
275816 2 21
2027 7 6
212784 6 10
1939 11 19
332287 12 17
1953 8 18
222284 3 2
2129 10 22
225654 10 28
2194 2 11
266329 6 23
1994 6 15
264325 9 30
2086 9 21
302195 8 22
1966 1 18
228443 8 30
1928 1 25
302854 8 30
2032 6 20
192735 3 12
1993 8 11
149453 6 21
2099 4 7
160768 4 1
2191 4 27
211618 6 15
2218 4 25
230267 3 18
2037 11 14
194722 10 2
2001 2 25
199885 2 1
2265 8 7
163017 4 1
2149 12 24
46822 12 15
1983 5 12
129735 1 25
2271 2 24
385432 12 23
2034 6 5
140304 7 12
2062 3 6
159679 7 20
1925 9 20
343575 12 27
2125 11 17
29562 10 25
2080 3 12
156506 3 28
2240 12 5
167143 5 11
1951 5 20
157819 4 8
2275 3 20
260454 1 11
2022 10 1
299615 10 2
1951 1 2
339431 10 16
2022 10 5
192174 3 7
1934 12 8
120239 12 2
1956 9 21
260645 8 14
2193 1 24
121240 3 6
2042 5 21
318452 9 7
1969 9 16
333594 3 5
2194 10 18
153720 11 21
1977 10 26
310017 9 12
2050 10 18
7761 11 10
2241 2 28
209566 2 4
1919 1 15
159063 8 24
2262 2 12
53054 2 16
2115 5 29
166990 3 25
2153 10 26
142159 3 16
2194 9 4
388233 6 24
1951 2 6
146097 12 15
2083 8 2
231833 6 1
2258 4 17
287913 9 2
2256 12 29
317201 4 10
1923 4 25
257415 2 16
1981 8 6
369409 10 11
2081 1 27
243258 11 25
2012 3 12
127064 12 2
1949 8 6
396796 3 28
2102 10 15
108860 3 22
1982 10 4
226313 5 12
2046 11 4
67914 12 20
1955 10 26
7110 1 15
2008 9 6
136344 3 19
1953 7 1
143423 11 22
2040 3 19
36727 1 21
1982 3 20
63272 2 25
2261 10 9
120586 5 24
2200 6 27
129571 8 22
2293 6 17
353913 5 7
2279 7 5
76757 10 1
1916 10 20
314773 5 20
2285 3 1
170052 10 14
2268 2 6
62563 9 9
2049 12 21
56532 7 1
2144 11 24
44950 1 11
2071 4 30
112788 2 11
1995 7 24
326530 8 5
2227 2 15
127856 11 5
2097 4 12
294363 4 21
2072 2 1
260598 11 15
2250 12 17
196675 11 25
2264 3 29
160935 6 8
1978 8 26
203393 9 20
1990 11 17
309452 1 15
1933 5 12
329455 1 8
1944 11 10
134665 5 2
1991 12 15
194254 8 17
2293 5 10
381659 4 11
2271 1 5
365139 8 27
1995 9 19
274867 6 28
1963 5 29
64696 1 12
2009 4 29
66713 8 30
2094 2 4
77531 3 26
2236 1 28
64334 2 23
2188 12 2
287733 2 2
2283 12 22
347996 11 5
1992 3 19
9153 9 29
2105 5 4
288214 3 16
2283 11 16
394827 1 5
2258 2 22
98837 10 9
2038 12 23
226809 6 30
1989 9 22
107464 12 20
2203 4 13
367821 4 18
1967 6 28
115555 2 6
2036 1 1
107552 4 5
2054 9 26
238634 11 13
2164 5 14
182504 10 18
2013 4 1
299184 1 21
1936 6 21
360748 11 1
2057 1 4
312285 9 24
2275 8 7
200934 1 12
2098 9 19
22909 5 8
2060 2 1
359389 7 8
2276 4 3
112820 3 21
1951 6 23
295754 10 21
2268 6 18
15988 10 8
2177 9 12
7917 11 2
2240 2 13
21015 4 23
1961 10 1
42752 7 15
2086 5 13
223510 8 24
2059 1 21
156073 8 29
2028 5 2
397203 6 14
2202 11 12
180962 8 8
2218 10 9
97064 8 8
2205 12 21
180305 5 1
2096 4 6
119445 3 2
2058 4 29
27346 9 8
1944 8 5
78973 4 3
2255 10 16
279242 4 7
2216 2 17
253251 1 18
2072 12 8
375628 11 21
2257 4 5
95012 8 7
2202 9 12
291300 2 16
2250 10 3
401866 2 13
2153 2 16
167080 9 16
2114 4 26
269916 3 25
2060 3 25
171845 3 5
1934 1 21
104513 5 9
1915 11 14
4013 8 18
2016 10 3
36165 2 4
2099 11 21
93123 6 29
2036 8 16
229527 11 13
2177 11 9
240006 3 5
2193 2 21
147395 7 2
1931 7 30
83048 2 11
2273 8 27
78116 9 2
2133 8 26
118737 5 9
2079 6 5
373104 9 5
1968 5 16
344508 10 4
2097 7 14
344338 7 7
2215 5 30
384343 7 21
2025 9 5
396611 10 9
2168 3 8
363986 3 25
2185 9 6
134613 6 30
2007 10 23
305204 6 1
1998 1 3
112919 7 12
2197 12 5
191413 1 16
2252 5 13
299306 4 9
2265 6 7
233922 6 1
1918 5 11
324000 6 21
2040 7 20
82437 11 1
2038 12 5
59938 11 9
2172 12 13
122130 1 7
1966 2 14
211207 7 26
1983 4 6
367992 6 2
1971 11 29
111883 9 29
2085 5 27
95209 12 26
2013 7 11
139175 11 26
2035 4 27
120052 5 30
1968 9 25
386103 6 23
2036 8 27
88956 2 16
2251 10 14
28198 8 18
2069 10 13
396571 11 2
2217 8 21
227206 7 9
2077 4 27
112892 4 9
2187 4 26
324598 7 11
2089 1 9
215932 2 30
2070 1 14
151307 1 17
2298 12 4
3727 5 25
1901 11 13
127017 5 28
2085 9 8
2793 5 18
2177 4 7
307287 4 3
2197 8 15
309537 5 6
2215 2 15
78460 8 24
2210 2 30
182172 12 4
2295 4 7
58799 10 30
2150 11 13
120225 10 6
2121 7 8
144494 6 11
2074 2 22
66855 10 17
1929 8 24
52076 11 14
2122 8 3
251539 10 5
2114 11 24
140951 1 21
2158 4 20
86926 2 10
1979 11 5
46957 9 2
2186 8 21
28783 10 27
2185 7 25
366169 7 28
2249 5 11
283892 3 5
1913 9 1
153534 10 2
2012 2 23
122848 3 9
2118 11 17
150639 1 13
2139 6 7
270103 6 30
2004 5 8
308837 6 3
2181 2 20
121841 4 8
1993 8 27
261486 3 17
2195 3 30
360510 5 16
1926 3 29
244613 8 19
2181 4 3
161513 4 27
2190 4 10
295099 2 13
2207 5 6
108246 1 7
1985 9 4
233491 6 4
1922 12 2
284553 4 26
2203 9 26
183105 12 15
2188 6 22
77982 10 1
2064 3 4
323496 3 26
2274 2 18
399802 12 17
2138 9 10
51472 8 13
2136 11 19
227056 10 2
1987 12 18
37160 8 24
2178 5 10
189157 2 1
2032 8 1
336190 2 21
1915 5 26
53843 8 2
1923 11 8
156777 8 20
2018 8 8
117309 4 23
2061 5 22
380877 12 30
2226 1 24
333396 3 8
2179 11 7
379144 6 13
2101 7 19
346380 8 2
1988 4 22
335061 4 12
2219 9 25
106743 8 15
2053 1 24
293843 9 5
1991 9 11
180415 9 22
2104 7 26
202657 10 12
2286 6 24
63553 12 4
1935 9 27
189588 8 30
2034 12 13
342989 10 3
2182 3 29
138466 11 24
1963 3 26
259301 5 11
2189 7 16
79803 12 10
2108 2 5
271696 6 27
2210 8 20
168682 2 7
1910 3 17
160454 8 19
2003 1 8
378037 7 26
2160 11 13
72963 9 16
2234 10 17
39365 10 10
1908 12 15
385070 8 20
2277 9 14
78315 11 12
2211 8 23
393534 10 13
2117 2 24
268317 6 29
2181 9 11
180078 3 20
2047 10 3
108464 3 15
2199 9 10
56170 6 1
2110 7 19
108851 8 14
2181 3 22
250004 6 24
1925 10 16
40728 4 10
1915 10 23
249192 9 10
2274 6 12
203507 9 9
2149 11 13
208858 5 15
2073 3 23
23943 11 28
1933 8 13
164945 11 24
2166 7 26
264636 8 7
1922 6 5
156358 8 15
1973 4 9
361962 9 24
2218 6 12
56020 5 8
2121 9 14
177786 2 16
2148 6 16
227732 12 9
2023 3 23
82875 12 25
1993 11 21
286219 7 30
2281 3 19
77085 1 16
2271 9 20
27421 2 13
2000 10 20
200508 7 20
2062 8 1
306273 8 16
2227 3 6
362075 9 18
2062 11 9
295938 2 25
1980 1 10
361844 5 26
1994 12 18
220927 7 23
2240 2 14
79698 8 15
1984 11 28
331615 7 24
1926 8 22
187678 8 27
2061 6 25
283147 4 9
1989 5 25
100809 11 22
2010 12 6
307699 7 13
2178 10 22
206946 1 8
1984 3 23
229351 3 18
2037 6 4
95300 1 2
2228 5 29
216799 12 26
2182 4 7
63027 4 10
2037 9 1
58075 9 7
1944 6 14
151672 2 23
2181 9 19
305120 8 21
2252 6 28
127281 7 21
2126 5 30
92854 11 13
2212 7 28
381694 8 3
2111 9 5
290582 8 7
2052 3 22
277122 5 11
2252 12 27
215726 11 24
1946 4 10
158740 5 10
2198 12 26
266198 1 21
2142 10 11
379477 7 10
2105 9 2
159765 11 7
2141 7 12
187697 4 27
2027 9 22
259486 1 26
2094 11 12
317457 8 22
1980 2 19
339338 10 4
2107 11 6
218743 10 15
2284 1 16
249932 8 24
1914 3 15
182687 12 8
2230 4 28
130200 5 25
1934 8 27
247417 4 6
2029 10 30
49951 6 12
2152 10 10
280032 6 12
2270 10 7
226972 12 4
2181 1 14
26024 1 7
1954 1 25
86205 1 16
2183 10 27
133090 9 9
2195 8 24
54871 10 2
1987 2 27
195200 8 26
2298 4 17
320549 4 18
2060 11 30
94348 7 8
1978 10 1
111062 10 14
2169 1 25
95102 1 29
2190 2 5
346869 1 14
2189 2 13
373205 11 12
2267 10 15
112192 5 13
2123 4 7
51794 11 10
1950 2 4
107011 8 4
1949 6 28
321164 9 26
2127 10 22
385227 12 10
1979 7 2
114577 6 7
1940 1 7
324514 6 10
2001 11 26
391120 6 9
2288 7 25
175384 7 3
2258 5 3
126353 10 11
2140 11 16
180007 5 20
2082 2 2
141869 4 7
1901 12 21
221927 9 23
2233 4 10
36338 2 10
2230 4 21
394630 11 13
2073 9 27
251545 7 5
2032 12 22
18508 10 18
2090 2 15
265755 12 17
1902 11 2
273736 8 23
2281 3 16
7926 9 26
1933 6 20
346278 4 10
2284 5 7
102763 8 2
2203 7 13
398296 9 30
1926 8 18
86206 10 20
2158 5 26
20950 2 3
2035 9 21
147408 1 6
2122 4 25
391095 6 27
2152 11 15
292459 9 22
2035 2 22
139946 6 2
2179 9 14
377035 8 29
2049 9 10
348199 7 2
2290 10 3
248485 10 25
2043 3 10
348514 12 14
2111 2 7
293085 8 3
1989 12 24
62579 3 19
2058 4 22
12885 4 13
2240 12 25
12999 10 23
2076 4 11
50285 1 3
1964 10 8
355504 10 20
2186 7 25
344946 6 25
1911 1 28
307762 2 15
2232 11 19
47219 6 3
2042 8 15
251549 11 7
2053 2 6
170665 8 15
2068 10 24
229164 5 27
1955 10 17
378482 9 22
1912 1 28
52698 7 17
1988 7 18
162128 1 20
2246 10 23
375184 2 4
2061 1 15
207589 6 9
2084 6 11
260709 7 23
2184 4 2
52813 12 16
2278 8 28
390853 10 10
2179 9 9
348170 1 21
2163 2 3
272924 4 17
2259 1 30
284000 5 25
2179 11 27
334295 11 4
2049 11 21
184215 8 16
2221 5 18
312249 4 22
2229 3 9
31769 6 24
1908 3 10
79326 1 12
2097 6 30
78228 9 6
2173 9 21
307615 2 16
1910 12 16
77400 2 6
2254 7 2
178188 2 24
2171 2 24
74010 2 5
2229 4 7
23624 11 20
2247 12 15
339885 11 5
2081 4 15
11988 7 2
2271 12 2
100633 11 16
2258 5 20
157295 10 26
2093 12 25
46605 5 7
2221 3 2
158489 10 16
2229 10 26
397614 3 18
2145 9 17
44315 8 21
2177 4 14
198248 2 16
1925 5 24
106157 12 5
2259 10 20
266330 6 7
2038 2 30
56457 9 7
1958 10 22
189968 11 12
1951 1 30
29228 12 17
1942 10 18
297889 12 25
2227 2 8
374611 7 20
1939 6 7
211274 8 14
2006 12 13
24233 10 1
2013 7 30
231123 4 3
2279 7 24
127532 1 1
2193 6 11
63942 7 30
2143 10 13
253357 1 6
2054 11 19
119226 4 26
1991 5 22
252578 1 15
1960 2 30
147658 2 2
1916 6 23
220756 8 18
2003 6 1
160695 11 1
2186 12 2
17493 9 22
2142 4 15
155388 5 2
2270 7 16
138623 4 3
2257 7 14
96044 6 22
2101 11 30
252573 12 9
2102 1 14
339346 8 10
2016 5 17
141372 9 25
2245 11 27
339260 11 4
1967 12 17
269233 10 16
1968 5 1
160375 4 18
2057 11 27
149225 9 4
1952 5 27
31658 1 15
2167 4 11
118803 5 22
2287 12 5
214278 6 17
2259 4 1
318418 11 8
2196 4 27
69157 1 6
2244 5 11
18842 8 7
1944 9 3
374854 4 10
2201 6 4
85344 10 3
1940 8 12
49757 3 14
2069 6 17
98239 9 4
2274 11 15
201032 9 2
2112 3 20
244582 8 26
1922 3 11
134687 4 1
2190 6 5
98234 3 3
2196 5 27
111339 4 18
2046 11 20
112009 1 21
2055 5 19
103182 7 12
2183 8 6
289312 11 14
2264 12 14
328488 7 7
2231 5 12
232048 4 29
1969 10 27
160643 9 8
2159 10 29
279952 3 29
2271 9 18
107930 1 9
1989 5 23
278129 9 8
2008 1 12
48850 12 15
2276 2 19
265527 1 6
2205 4 25
35467 12 13
2126 10 9
44048 8 30
1968 1 15
262139 9 25
1902 3 16
150123 5 12
2244 5 13
276522 12 6
2029 6 8
59115 12 27
2104 6 7
251857 11 5
2286 7 1
234539 12 12
1980 3 28
236708 2 22
1983 12 11
400874 9 28
2270 1 10
130143 1 19
1919 9 11
8809 9 7
2282 10 14
384538 2 11
2231 10 9
300477 11 20
1976 6 9
65598 12 4
2049 7 3
341309 4 21
2010 3 19
72928 4 27
2003 5 21
150244 6 21
2233 10 1
191161 4 16
2013 1 4
27851 2 24
2163 11 10
196137 10 14
2049 7 4
104473 9 2
2133 11 19
365337 4 18
2205 4 29
25199 8 7
2109 7 24
328782 2 18
2075 5 9
342005 8 30
2182 3 30
50558 6 23
2092 4 28
107410 12 3
2256 8 26
102449 12 27
2252 9 16
306423 5 30
2136 5 14
158901 7 5
2161 4 21
156307 5 29
2046 6 18
193186 1 14
2106 5 20
291261 3 9
2189 7 23
168863 5 25
2072 4 11
136660 5 6
2135 2 12
126978 12 11
2020 5 24
188424 11 30
2171 7 5
64451 3 14
2181 4 25
162971 5 28
2174 4 15
274057 5 14
2013 8 8
353942 10 14
1969 4 10
256737 6 25
2004 12 4
150466 7 16
2042 9 12
269172 3 8
2004 11 26
147016 2 2
2153 3 4
345675 9 3
1998 1 4
257729 6 2
2287 1 15
222196 3 3
2225 4 13
94624 7 4
1990 4 30
165397 4 21
2109 6 13
306921 4 21
2231 8 13
189755 11 8
1922 3 25
309112 7 2
2093 2 10
303980 5 20
2245 11 27
165422 7 13
2058 4 13
281988 7 19
2169 3 11
188714 6 5
2152 9 19
19512 2 9
2098 10 23
259255 11 16
1989 12 24
377103 6 3
2124 5 1
216295 5 8
1987 6 13
399422 5 29
2093 9 9
373527 2 15
2168 6 6
156317 11 13
2101 2 6
256296 10 17
2088 8 10
354425 8 26
2106 9 8
390968 6 8
2170 2 21
356355 7 11
2013 8 8
156130 2 7
1924 10 26
385945 12 15
2040 3 29
365640 8 17
1920 6 7
63483 7 8
2065 1 17
325942 6 10
2048 7 10
99843 11 28
1923 6 19
157779 11 13
2230 8 27
227608 2 6
2056 8 28
86270 8 9
1925 3 15
154929 8 10
1929 5 24
325581 10 11
2109 8 26
123357 5 4
2250 10 12
239966 8 1
2164 8 27
216558 2 4
2232 7 14
214097 8 25
1974 9 3
200526 10 15
2226 2 29
147972 9 14
1986 12 11
77734 10 22
2209 7 19
55560 1 5
2169 12 19
134948 10 7
2097 7 21
88476 9 27
2011 8 13
373392 6 22
2096 2 4
147802 7 6
2295 1 26
33770 3 27
2280 12 9
114079 3 13
2128 2 23
7406 3 2
1953 7 22
92322 2 21
2126 9 3
373922 3 29
2125 3 7
108082 5 25
1910 6 8
216976 11 6
2290 2 28
297757 10 25
2127 2 3
192630 8 2
1913 10 29
125051 11 2
2208 5 15
372485 8 2
2277 7 13
131593 11 20
2261 5 25
172823 6 29
2131 10 6
257290 3 7
2048 10 17
297157 2 29
2266 2 23
192071 10 17
2025 2 17
103773 12 7
2022 6 26
40981 2 22
2033 12 16
353589 8 13
1979 3 11
297288 10 6
2241 3 1
397697 12 20
2189 12 18
325673 7 15
2055 4 8
5961 5 19
2206 10 9
227128 8 8
2139 7 5
301394 4 1
2097 7 14
246354 10 4
1921 11 10
186983 8 20
1991 9 19
172130 12 5
2299 3 11
343371 7 13
2155 8 17
321362 3 9
2077 8 22
120368 3 5
2057 4 8
361067 11 18
2270 2 14
271408 3 17
2250 3 11
15746 3 22
2019 8 26
80601 4 12
2018 8 14
13347 10 26
2190 11 4
147599 3 14
2283 3 23
140626 5 18
2260 3 13
336217 1 15
1936 8 28
185418 3 25
2023 7 11
171163 4 16
2054 5 2
152619 10 20
1984 9 24
44227 9 28
2130 9 23
234347 2 25
2245 11 11
92540 4 9
2112 4 12
275092 8 3
2122 10 17
109332 2 5
1942 1 16
223107 3 18
2102 11 6
19790 12 9
1964 12 3
214281 7 24
2168 12 15
379759 9 1
2248 5 26
152828 10 27
1934 7 26
221176 11 24
2230 1 6
385859 5 1
2025 5 25
348273 9 28
2271 5 22
202946 8 9
2245 3 20
320857 9 24
2084 10 11
245359 1 5
2159 7 6
354125 3 15
2110 1 24
215326 1 11
2065 11 5
210128 8 1
2127 1 22
8910 3 10
2151 9 2
127670 9 3
2272 8 25
54009 1 30
2203 2 17
362250 2 20
2116 1 30
106342 1 4
1936 12 18
178311 6 17
1976 11 12
294070 7 8
1927 6 17
21071 3 5
2294 8 30
238702 12 21
2062 10 16
99270 1 26
1979 7 28
44011 7 15
2276 5 25
31385 3 13
2179 2 18
145631 10 26
2109 10 12
202180 5 13
2264 4 2
242992 5 23
2155 4 17
255921 4 19
2184 9 12
11636 4 3
1913 4 26
311822 5 17
2017 1 1
193671 12 8
1951 5 7
49565 9 9
2148 1 13
11436 7 11
2234 5 9
272921 12 25
2297 9 24
13994 12 28
2200 4 25
62977 2 28
2013 2 8
133813 4 20
2119 9 28
120373 2 7
2019 6 23
91735 12 17
2296 3 10
135830 6 20
2170 3 15
365965 1 28
2235 1 8
197450 5 28
2016 11 18
384482 3 18
2050 3 19
145447 3 23
2226 9 3
151829 10 21
2109 5 4
253123 11 30
2253 4 7
321593 3 10
2183 8 16
101103 2 23
1926 5 14
251726 4 9
2070 6 12
108713 4 19
2276 12 17
266460 11 16
2290 1 2
182168 6 20
1922 10 19
250454 9 21
2114 5 5
233263 4 23
2071 12 5
294863 11 8
2136 1 5
199370 8 18
1964 11 9
97710 11 16
2272 1 8
285709 7 23
1986 7 17
345760 5 7
2112 8 23
79752 9 27
1968 11 29
81327 5 12
2268 6 23
333169 6 23
2019 10 16
73043 10 23
2199 6 23
117696 7 5
2249 5 16
53221 8 2
2117 1 25
4011 3 4
2007 8 9
123385 9 8
2193 6 12
306437 10 20
2267 12 29
25659 2 18
2055 11 14
380662 12 2
2020 3 5
392515 7 16
1997 5 18
105635 8 11
2084 5 1
102206 10 3
2244 7 1
149333 8 6
1994 7 22
326066 8 24
2037 10 12
62051 10 27
2190 11 2
344705 12 8
1918 11 28
167738 3 12
1912 2 14
62976 9 15
2209 2 19
265066 8 1
1917 6 25
58063 6 2
1910 12 24
22205 12 29
2195 8 26
115076 1 28
2158 7 15
162823 12 15
2227 7 7
366229 5 22
2006 7 21
177065 3 23
2099 8 28
170881 12 8
2158 4 13
32720 8 18
2015 5 18
5977 11 15
1935 3 28
26340 8 8
2173 3 10
194792 12 7
2021 2 16
55457 8 1
2202 1 26
203133 6 8
1914 7 15
155513 11 30
1942 4 17
334840 12 7
2252 6 27
70257 4 20
2112 8 19
292481 10 26
2078 12 25
298709 6 18
2172 1 4
195764 5 5
2065 8 16
184349 10 19
1955 5 18
392402 8 21
1919 5 16
364261 3 25
2055 4 24
267505 6 1
2090 1 28
330009 9 4
1944 12 14
311716 1 13
2030 7 1
64527 8 1
1951 4 6
206785 2 9
2005 12 4
279391 2 9
2278 7 22
367808 8 29
2025 9 21
326347 11 10
2181 4 25
125674 6 3
1974 4 23
186158 4 18
2162 10 27
20768 4 24
1947 3 22
6262 9 13
2188 6 12
166401 12 22
2242 5 19
165027 5 14
2194 2 17
198503 12 9
2248 6 26
127052 7 22
2295 6 17
306885 8 2
2177 9 11
65844 11 25
1913 5 17
342302 2 27
2216 2 3
37754 11 17
2230 7 19
17974 9 15
2298 8 13
200899 1 10
2117 7 16
215612 5 21
2153 6 21
253240 9 23
2104 9 24
205631 9 16
2195 1 11
111362 9 5
2011 12 27
181886 1 25
2237 4 17
13432 6 3
2060 3 20
31041 3 24
2290 11 22
177935 6 28
2076 4 21
208303 12 21
1983 10 3
153095 5 9
1924 5 8
357656 10 3
1988 12 11
324503 5 4
2008 4 7
368056 12 29
2036 8 24
84420 4 14
2160 1 15
128758 8 15
2172 11 18
265402 2 2
2213 12 1
338520 10 7
2033 10 10
184007 8 22
2019 11 7
109477 7 18
2269 6 16
166488 10 9
1983 6 29
253883 12 26
2126 8 20
47541 5 30
1916 12 25
29638 4 16
2041 1 24
81558 5 17
1991 4 23
254383 3 18
2271 2 12
245694 8 7
1917 7 21
6073 7 16
2198 12 14
111151 2 3
2159 7 19
16922 2 18
2217 6 7
381477 11 27
2214 5 5
335869 6 1
2127 11 23
93703 1 10
1944 5 27
360013 12 26
1909 6 8
155321 11 25
1941 3 20
75980 6 13
2053 5 4
156352 8 21
2131 6 3
70160 8 22
2033 1 15
193711 8 25
1963 1 7
198434 3 27
2276 11 14
196300 5 12
2187 6 13
247395 6 8
2161 11 19
400831 10 8
2189 9 30
270125 4 27
2166 12 7
212124 7 22
2257 1 11
31515 10 25
2110 10 1
283464 11 27
1938 8 30
254265 9 1
2025 7 15
29378 9 13
2051 8 19
234146 1 13
2051 3 23
231114 3 2
2216 4 20
169043 3 15
2057 11 12
258100 6 17
2162 1 16
244984 9 16
2106 12 22
12579 6 16
2086 10 11
234504 4 5
2025 7 3
302454 6 22
2037 1 21
260073 1 30
2213 3 13
303032 6 9
2126 2 21
55570 2 13
2232 5 20
338919 9 8
1918 7 13
19649 1 29
2271 9 1
250901 4 18
2179 8 3
383861 5 22
1935 12 23
92066 10 8
2210 11 25
298192 6 16
2233 8 16
80600 4 16
2056 6 20
388652 3 3
2297 10 12
317867 8 19
1948 5 8
218262 7 5
2108 2 20
136221 5 14
2239 9 14
333373 3 30
2034 6 4
393346 11 9
2200 2 16
16353 9 6
2037 4 9
152180 10 3
1944 1 10
400976 6 15
2025 11 19
211482 1 19
1939 3 30
93756 5 29
2220 7 7
35068 5 30
2285 1 12
314188 3 26
2228 10 10
81813 5 4
1972 12 19
117664 7 15
2114 4 9
44540 1 6
2248 12 30
340977 9 22
1987 9 17
386252 2 5
1993 6 24
334144 2 18
2255 2 5
290853 12 5
2140 8 14
284642 7 17
1978 10 7
349401 10 29
2173 3 6
47548 2 26
1904 7 24
18350 9 2
2012 11 29
22390 11 20
2023 9 20
90335 4 25
2207 5 10
218390 10 26
1906 8 15
194040 5 8
1926 9 20
231040 9 14
1914 1 4
285279 11 10
1922 3 30
61248 8 20
1968 8 27
48164 7 17
2118 12 13
282603 6 8
2231 10 21
349303 4 6
2155 7 22
193920 1 15
2299 7 5
248349 10 5
2040 3 20
282436 9 5
2205 3 15
256817 10 3
2152 8 9
357987 5 16
2152 9 30
206683 12 22
2108 6 29
77728 5 16
1939 5 23
8663 4 3
2013 2 3
375498 9 15
2218 9 6
391857 2 8
2283 8 23
198323 11 25
1940 7 11
392170 8 24
1937 3 26
68232 10 3
2103 12 23
128880 11 12
2128 7 7
31419 6 17
2162 2 10
373878 12 8
2155 4 3
212941 2 4
2222 5 26
122940 4 5
1964 1 17
343345 1 6
1925 10 23
250122 3 20
2240 1 3
262049 4 28
2074 9 4
314505 10 18
1930 9 20
9493 1 27
2147 8 24
199822 12 1
1959 12 4
312888 1 19
2060 6 17
379836 5 5
2260 5 21
145596 9 6
2076 9 23
163860 4 28
2098 11 19
209586 8 2
1907 1 28
303708 12 21
1926 11 18
368366 4 2
2132 6 3
3126 11 18
1968 8 5
215432 9 3
2120 10 7
91419 6 6
2064 6 2
320009 5 23
2076 7 1
152870 6 10
2261 9 22
153877 5 19
1915 12 28
198752 4 3
1975 6 1
198175 8 28
2059 10 3
36173 5 11
2054 10 20
197863 12 17
2261 10 7
141519 2 22
2277 6 18
365729 2 18
2176 6 4
146151 8 10
1917 7 19
140941 2 29
2281 2 12
400518 9 10
2082 8 13
102005 6 7
2127 12 20
17801 12 4
2262 9 5
196437 7 10
1998 1 8
31437 4 26
1917 7 15
275648 8 19
1912 1 19
128037 2 21
2102 12 7
220321 3 12
1992 6 10
142787 11 16
2219 7 22
178315 7 27
2058 4 18
77489 9 17
2127 5 16
159177 9 6
1994 5 11
256743 6 9
2102 2 6
227415 2 6
2096 1 11
384392 11 14
2082 9 27
6756 2 7
2083 1 7
21437 4 28
2121 6 25
48404 9 1
2108 1 24
100810 12 22
2043 4 27
235247 8 9
2204 2 18
130740 5 10
2094 8 29
318338 12 21
2209 10 1
106959 11 15
2113 10 18
181390 3 18
2220 11 11
386708 9 28
2119 12 5
168989 8 25
2138 12 17
113030 10 13
2030 4 7
252295 4 4
2072 8 27
350121 4 21
2243 10 11
22251 4 22
1933 9 16
72383 10 28
2141 1 21
340240 10 27
1925 1 10
100225 11 1
2261 6 15
119893 9 26
2135 10 6
171839 9 16
2148 6 7
43921 9 15
2287 7 13
126159 10 3
1906 7 9
175804 6 7
2003 3 16
215672 8 17
2154 11 15
306865 2 28
1928 1 28
150682 9 15
2299 9 19
55898 6 2
1907 2 2
170087 5 14
2081 3 4
141143 2 29
1918 5 11
344026 9 20
2179 12 11
176859 7 18
1915 2 26
395746 1 15
1908 6 11
54933 2 17
1954 2 7
387040 5 9
2215 4 17
8978 4 13
2137 5 2
100866 11 25
2069 7 4
116739 3 28
1926 9 7
254348 7 13
1984 10 6
82584 10 22
2113 10 30
29053 11 6
1918 1 22
88431 3 25
2086 8 10
92260 3 18
1905 6 6
30309 6 24
2028 12 14
262619 1 20
2093 7 5
322877 10 2
2207 3 23
77145 9 10
1992 6 7
215362 7 4
2055 3 15
338186 6 30
2232 12 25
20062 3 29
2064 1 16
161119 6 14
1964 7 17
8003 5 24
1902 12 13
5173 6 13
2197 6 16
120097 5 2
1988 12 30
385975 8 6
1971 7 3
183141 7 6
2255 7 15
343920 12 10
1964 10 23
261732 2 12
1973 6 9
108766 11 11
2180 7 17
297900 10 14
2174 6 11
234737 2 16
2176 11 26
258422 11 22
1971 2 20
18431 7 18
2284 3 25
287023 10 27
2085 4 14
248638 5 23
1974 3 30
365032 4 30
2295 12 21
297997 3 11
2027 10 6
258470 10 22
1951 3 27
289728 3 15
2144 11 10
237347 10 2
2153 11 14
336676 3 7
2111 5 28
349884 6 27
2246 1 16
259676 8 14
2285 11 12
36958 6 9
2064 1 14
64203 8 21
2044 4 20
322227 8 8
2092 11 15
221223 5 27
2260 1 23
179760 3 28
1954 2 10
81751 5 21
2250 11 23
87255 11 14
2201 12 25
46387 1 29
2295 3 17
366137 5 2
2263 7 27
68245 6 14
1970 10 29
205596 5 26
1940 10 11
347779 5 19
2076 4 16
37808 4 2
2183 3 25
328270 8 1
1956 2 24
358323 5 1
1983 9 7
369170 10 27
2211 6 7
229921 11 21
1914 2 27
142480 10 11
2111 9 3
41615 5 6
2274 2 1
315160 6 5
2120 11 25
220198 11 22
2120 1 2
211137 11 28
2194 12 15
130845 3 16
2228 2 6
144398 6 27
2056 12 17
294797 2 1
2073 5 18
367953 2 28
2224 3 28
196462 9 23
2242 1 17
12796 1 17
1922 1 26
68585 12 14
2176 7 11
357302 2 7
2006 12 9
19565 9 16
1971 10 24
156621 6 30
2168 4 18
180454 10 19
1957 10 6
15233 9 30
2095 5 10
126636 12 25
2187 8 5
92313 11 24
2294 10 14
239757 5 19
2085 10 13
12131 5 2
1923 4 12
140705 7 21
2198 3 25
167504 7 24
2000 4 27
288487 5 2
2255 11 5
253395 9 5
2220 5 17
124237 1 14
2134 12 28
66883 5 4
1999 6 16
128271 3 2
2131 10 10
21199 6 1
2094 10 1
287292 7 30
1910 2 21
144838 9 14
2037 10 10
316383 6 2
2182 3 15
208445 6 21
2031 8 17
199822 9 18
1905 11 23
281549 10 25
1941 1 7
7121 8 14
1983 8 17
189559 9 5
1936 8 3
162283 7 19
2022 5 27
137958 5 9
2236 2 10
46806 12 5
2277 7 28
285742 5 21
2187 4 15
398672 6 16
2198 12 9
378708 4 10
2218 5 10
117475 5 11
2069 3 24
196877 2 24
2152 7 13
362174 1 13
2058 5 30
196118 9 26
2264 9 2
200789 9 21
2207 3 2
336082 12 4
1989 6 20
169049 3 24
1911 8 16
314908 10 5
2083 1 23
219080 2 1
2165 12 14
20581 12 26
2287 4 16
360213 3 4
2206 7 22
229752 4 23
2289 10 23
155518 9 25
2086 2 26
178099 5 6
2201 11 6
255970 11 10
2236 4 24
55408 8 9
2258 12 25
230201 2 25
1929 10 2
267555 3 19
2263 10 11
152471 3 7
2277 12 27
397221 2 17
1939 2 17
342740 10 2
2054 6 6
163896 5 13
2119 3 28
355365 10 8
2117 8 16
280431 9 27
2213 11 27
94492 4 15
1926 3 13
131427 11 11
2139 5 18
15376 3 13
1977 9 17
71002 1 3
2189 2 28
239160 5 11
2212 6 10
384302 3 1
2185 7 15
96547 4 23
1947 7 19
215979 2 14
2267 4 15
150073 11 5
2249 6 22
155277 9 18
2256 2 5
293166 3 7
2179 2 22
331502 1 3
2109 7 29
186813 9 9
2097 2 18
62925 10 6
2250 7 2
229088 4 2
2257 4 13
296278 12 25
1931 5 22
120106 7 22
1930 9 19
255149 7 29
2069 2 7
291725 12 23
2013 1 1
314336 9 25
1914 8 1
253741 12 19
1926 2 6
320761 6 29
1934 7 22
372689 9 16
1905 3 13
85380 6 30
1999 4 23
77478 2 5
2194 9 8
380281 2 10
1978 8 11
333122 1 17
2209 10 23
192115 3 1
2143 7 10
291526 2 21
2146 4 26
218658 3 1
2234 4 21
69566 2 1
2299 6 24
221063 6 5
2241 2 6
11845 1 17
2078 9 30
373595 5 21
2243 2 15
219301 1 29
2020 7 30
183342 4 17
2208 3 4
230569 12 18
2050 9 13
113551 7 15
2294 1 17
38067 3 13
2215 3 10
76979 3 14
2266 12 30
6963 7 22
2047 10 20
345380 4 10
2273 11 14
12642 9 4
1997 5 10
101595 10 18
1902 8 8
58093 8 15
2205 12 24
118678 10 18
2122 1 13
130608 10 24
2174 12 17
99045 11 23
1973 3 3
395470 4 8
2020 5 3
57705 3 28
1921 8 7
112725 5 26
2096 9 24
282223 10 10
2237 2 20
300112 5 3
2049 5 10
291305 11 5
2030 10 30
230627 9 25
1955 10 18
155203 7 8
2160 3 9
112984 5 6
1918 9 14
89496 2 11
2181 2 4
361943 4 30
2190 7 2
233555 12 10
2201 12 24
385004 12 13
1947 10 26
356123 4 18
2237 10 15
107019 1 11
1941 1 14
131939 2 29
2052 4 23
372427 4 27
1949 4 20
76147 5 17
2243 6 14
7376 9 3
2112 6 19
140516 6 19
2128 6 19
187912 12 28
2217 6 13
210102 2 27
1997 12 21
322226 3 25
2258 7 26
253998 6 2
1910 3 13
195410 1 3
1926 4 8
190382 10 13
2113 6 14
77216 7 1
2289 10 19
294460 8 4
2211 3 5
292295 3 13
1979 9 6
4537 1 24
1942 4 29
387916 12 1
2078 3 13
102735 2 29
2152 12 9
28279 5 18
2263 10 23
130331 2 9
2102 10 1
246517 9 22
2005 4 15
41902 12 17
1995 8 17
164682 7 2
2067 8 6
332981 12 9
2296 3 4
136670 1 6
1983 8 8
197447 8 24
2147 11 2
293210 5 8
1916 2 18
19534 6 8
2183 3 9
24662 1 25
2270 3 22
359693 1 30
2055 7 28
279111 11 28
2133 12 28
117096 6 7
2253 4 29
193534 3 18
2283 11 30
305090 9 22
2268 4 28
54348 8 1
2240 3 21
69813 2 26
2030 1 3
27278 6 5
1982 1 6
131561 11 5
1997 3 14
214412 7 12
2057 2 20
118763 11 26
2127 11 11
191618 10 16
2068 7 15
61989 10 28
1950 7 26
3457 4 29
1935 3 29
241212 1 28
2071 5 27
182969 1 2
1928 6 16
152028 4 27
2204 1 27
219721 4 24
1906 1 26
146529 3 18
2088 4 15
343363 8 5
1972 5 7
256332 3 13
2021 5 14
264682 3 4
2140 6 3
142562 8 1
2111 6 11
162433 8 6
1987 8 2
205572 6 15
2183 4 21
380060 9 20
2224 3 18
97942 5 16
2003 1 10
53131 5 16
1995 5 24
8557 10 15
2079 1 24
350640 10 26
2181 11 20
94630 1 15
1909 4 17
86536 1 1
1935 1 4
247239 12 18
1969 12 29
309563 4 21
2220 6 22
172998 4 3
1962 7 21
205926 2 19
2020 10 27
294238 8 3
2268 4 17
332177 10 9
2197 12 9
183721 6 15
1920 2 28
314933 9 8
2118 3 1
179209 12 20
1976 4 14
283348 7 4
2177 1 26
193148 8 6
2070 7 28
314531 12 22
2177 2 21
71977 9 2
1923 11 2
373100 2 2
2294 12 13
169625 12 13
2215 10 4
121972 10 12
2279 9 26
377324 5 26
2237 7 16
201741 8 29
1962 8 30
225547 12 17
1972 11 27
172358 12 3
2003 2 20
68235 5 18
2203 9 27
114062 6 1
1934 3 15
312266 7 22
2215 8 21
262589 2 22
1909 11 26
397185 4 11
1986 3 18
317516 3 11
2121 1 12
285020 3 30
1941 10 23
282718 1 18
2071 12 22
383756 4 1
2290 3 23
12785 1 3
2159 4 8
261056 1 17
2161 8 28
62732 5 3
1942 6 3
59411 7 21
1909 12 8
90877 8 18
2297 7 3
330104 7 27
1941 9 4
32976 5 21
2031 5 28
179591 7 25
2028 5 25
62570 7 4
1926 4 24
176931 12 22
2076 9 13
374661 7 23
1940 9 10
13199 4 12
1972 6 11
115927 8 1
2053 1 8
237898 8 4
2259 5 21
188385 3 6
1984 3 26
82392 3 7
1902 10 16
147984 5 15
1912 7 9
81784 3 21
1965 6 4
109301 10 7
2252 3 21
23333 12 4
1995 9 24
392337 4 1
2002 10 25
78432 4 29
2022 3 4
397049 8 21
2113 3 23
358078 3 13
2124 8 30
58894 5 23
2051 9 22
121766 2 10
1965 4 25
236647 1 16
2154 4 21
13761 5 4
2221 6 29
204497 1 22
1999 11 22
247869 8 29
2050 2 13
386850 10 12
2269 7 6
8129 1 20
2085 8 19
151268 8 11
2288 1 3
308021 11 11
2142 8 8
230149 12 10
1976 2 6
358056 12 13
2113 6 1
374992 5 9
2268 7 18
85509 10 22
2157 11 7
314141 3 6
1930 12 15
70705 10 2
1966 4 11
372508 4 6
2183 8 21
400884 12 23
2101 11 11
77219 12 6
1924 7 4
213400 5 18
2215 11 7
209608 3 20
2205 3 18
74912 11 9
2207 1 2
320121 5 27
2162 10 2
57298 9 22
2123 12 11
178987 3 1
1954 3 24
276315 8 22
2142 1 15
300035 2 10
2242 1 26
28123 3 20
2244 12 20
126343 1 13
2248 11 19
239839 2 18
2168 9 7
153244 10 21
2230 1 29
197872 3 18
1944 9 8
122228 5 8
2035 5 29
35014 8 18
2001 6 19
122225 4 4
2226 6 1
358229 5 15
2293 10 3
139554 8 19
2157 1 1
343858 8 1
2023 8 8
218596 10 4
2033 2 4
151374 1 17
2105 10 21
349269 5 12
2003 11 28
76845 2 23
2277 8 20
174058 12 6
2164 2 4
209635 8 11
2220 2 28
339868 4 12
2138 2 8
363719 4 20
2020 7 17
60393 4 30
2231 11 8
198437 6 29
2162 4 3
294436 12 11
1952 3 21
190117 6 14
2003 7 15
133467 1 20
1995 11 11
207463 8 22
2021 11 30
357473 10 13
2078 2 5
73885 5 1
2090 7 4
134638 5 4
2039 1 8
160431 4 17
2269 8 3
8145 3 23
2184 8 2
154646 4 15
2285 7 14
91194 6 25
2095 3 22
295943 3 21
1908 4 5
218743 12 18
2034 10 6
71539 11 4
2075 12 17
120111 12 14
2014 8 27
224056 12 22
1900 8 22
153743 6 23
2089 7 3
306496 4 4
1934 8 28
3164 2 19
1954 11 23
355111 9 14
1962 6 13
235528 3 22
2097 9 20
294029 2 3
1967 4 20
10297 7 4
2012 7 3
34229 5 3
2038 11 12
46609 11 17
2075 6 7
346649 2 27
2119 3 14
144295 7 13
2254 6 28
130309 3 11
2174 3 18
182910 6 27
2016 10 20
288753 9 9
1917 4 30
37038 7 15
2127 3 16
249647 2 28
1978 2 28
367578 4 19
2006 3 10
203942 12 15
1934 12 21
116760 2 15
2021 3 29
30068 9 18
2120 8 13
106678 3 6
2033 4 23
156223 6 7
2221 9 12
332536 8 6
2241 3 24
161104 9 11
1955 3 9
60428 9 15
2053 6 27
368092 4 19
2068 9 28
346838 8 25
2109 10 30
215341 6 12
2167 11 24
263650 1 17
2011 12 13
319774 11 30
2169 6 23
3324 10 21
2034 6 20
65529 7 24
2282 6 13
178137 3 2
2127 10 19
326409 2 5
2044 4 29
99713 7 9
2173 2 15
182323 6 10
2220 4 12
83562 12 25
2273 1 27
223740 7 18
2058 10 23
276839 6 18
2186 3 7
135642 7 23
2149 5 2
36335 8 29
2187 12 19
296835 2 11
1914 8 29
391652 7 3
1920 4 14
302963 4 3
2066 6 7
16836 7 24
2213 4 26
282484 5 19
2157 4 8
331824 4 3
1938 5 3
110020 7 30
2115 6 29
312643 12 22
2294 7 6
108159 12 10
2131 8 30
79652 12 20
2147 8 12
239233 7 2
2195 7 1
57069 11 30
2015 7 9
278040 2 4
2205 10 23
346129 10 26
2003 10 7
394476 11 1
2287 8 13
300153 4 29
2228 7 23
276636 8 9
2026 3 30
3676 4 21
2192 2 1
234639 3 6
2276 12 1
339239 1 20
2206 7 20
312964 10 18
2160 2 23
153368 8 21
2172 3 30
357206 11 2
2099 4 26
15087 7 21
1940 2 22
101822 2 16
1974 1 20
139859 11 19
2196 12 30
350417 9 20
2116 2 13
389636 5 2
2114 12 6
16720 12 23
1958 3 3
87634 3 7
2150 4 9
334235 3 29
1914 3 21
155912 9 14
2020 5 23
368741 9 18
2019 8 22
389464 2 1
2257 5 14
60317 10 22
2129 6 1
158649 2 10
2164 10 14
19916 8 3
2230 2 30
105186 5 30
2081 4 14
252135 1 12
2211 4 6
338599 1 26
1974 8 9
282529 11 6
2229 6 2
205322 4 2
2013 7 15
246732 9 5
2197 5 21
285757 12 13
2126 11 28
45781 7 8
2152 11 22
182066 8 5
1956 3 19
35976 7 13
2036 4 26
346160 12 5
2003 8 5
236771 7 8
2042 1 24
266095 9 6
2147 2 18
358952 6 7
2093 4 8
380831 7 6
1926 11 10
386275 9 12
2018 10 4
42290 4 14
2230 7 25
331186 7 22
1964 8 20
81196 8 3
2182 7 23
310782 3 20
1943 10 21
86358 2 15
1965 5 28
134879 5 16
2180 8 24
322191 2 16
1912 6 1
318072 8 10
2030 5 18
72031 11 27
1951 12 6
357718 5 26
2035 4 15
234610 12 25
1938 1 11
149766 8 19
2123 1 15
56714 6 15
2281 10 7
60338 12 12
2169 11 11
118350 10 21
2164 12 14
193504 3 14
2238 5 13
158116 12 2
2141 5 18
290660 3 22
2090 1 17
348837 6 18
1996 8 27
44306 9 14
2022 8 4
69814 7 13
2203 8 27
352054 11 29
2245 9 30
229383 12 21
2177 12 7
178897 11 15
2174 7 16
151627 3 9
2079 7 15
142420 7 22
1950 10 6
299401 1 5
2131 4 27
321313 2 22
2163 5 25
351080 7 9
2002 8 13
334259 11 9
2262 9 21
13642 10 21
1900 6 24
38193 3 6
2295 2 20
119404 12 23
2018 10 24
154969 12 14
1907 11 12
367799 8 15
2160 8 25
43731 2 7
2152 12 27
296443 2 22
2228 8 10
219286 7 29
2295 12 15
4282 4 28
2184 10 17
269874 11 10
2175 5 27
156242 2 18
2188 12 12
185515 7 20
1975 6 2
189660 1 6
2025 3 3
350537 8 19
2166 8 11
67681 10 8
2152 9 30
29395 4 16
2136 3 15
281601 5 20
2165 1 1
21467 2 24
2245 8 28
281074 11 21
2128 4 14
57441 6 2
2270 7 3
318015 10 3
2109 6 17
121679 10 19
2263 8 6
216651 8 10
2126 7 9
161304 11 8
2152 10 20
17978 4 29
2089 1 4
110714 6 16
2207 6 9
19887 11 24
1983 7 14
111662 4 6
2066 8 13
227700 7 19
2213 10 10
210556 1 4
2093 11 8
193322 4 3
1934 3 14
120332 9 1
2291 6 17
135158 3 15
2162 6 11
130905 3 10
1903 7 9
333318 7 20
2124 1 21
78694 1 22
2009 12 6
78756 10 27
1982 12 10
66666 4 18
2230 2 2
184085 2 20
2081 7 24
393878 3 24
2143 9 5
167472 5 5
2286 1 21
318801 7 18
2251 5 27
85259 3 1
2117 6 22
271657 3 22
2288 6 16
83426 5 12
2176 11 5
272607 1 2
2021 11 9
310098 11 28
2025 1 4
399846 8 21
2056 7 6
110981 11 15
1953 5 12
353136 11 28
2178 2 1
323946 6 8
2217 3 8
359554 12 11
2083 2 2
102236 8 22
2070 2 5
38890 5 2
2178 2 8
334547 12 6
1902 8 22
82147 6 29
2089 12 18
400646 4 2
2120 4 13
133798 1 28
2149 10 13
206865 6 21
2039 9 5
370537 4 26
1958 11 3
363917 8 3
1921 3 14
242933 5 7
2108 7 3
54983 12 15
2176 9 2
91554 3 18
2158 7 29
26276 12 9
2005 12 14
16268 3 8
1971 4 7
102687 5 10
2153 2 10
178344 4 4
1922 7 29
194406 7 7
1911 9 25
83807 6 26
2204 10 27
114799 8 9
1964 5 5
120231 12 17
2256 3 13
67789 4 1
2133 4 23
327510 4 3
2169 4 6
330589 2 2
2242 4 6
77864 10 13
2115 3 6
363932 3 25
1931 10 13
99527 10 21
1911 5 4
87813 8 21
2100 10 9
288854 12 26
2277 6 4
216987 7 26
1911 10 25
319985 9 17
2212 10 27
208658 8 24
2252 6 26
378046 1 13
2104 12 12
84230 12 14
2219 7 30
343581 10 29
2018 11 24
175190 11 15
1925 3 10
119400 11 9
2281 12 5
252887 10 1
2213 11 16
283725 6 29
2200 9 19
323861 6 23
2135 3 6
296190 2 26
2243 4 9
274703 3 8
2221 6 24
391168 1 17
1967 9 27
252129 4 27
2013 11 7
4634 1 21
2194 10 23
127199 7 12
1931 4 6
54855 1 17
2078 3 16
374725 8 8
2272 1 9
268525 1 3
2297 10 1
16785 4 6
2245 8 21
205399 9 1
2012 2 13
353961 6 26
1909 6 14
360209 6 2
2239 4 25
85152 9 12
2263 6 17
345277 8 3
1984 1 17
87361 7 7
2101 9 23
189666 9 13
2006 9 24
98629 7 16
2052 1 7
205285 11 20
2160 4 20
69746 6 10
2190 6 29
399670 11 30
1939 2 18
383270 6 13
1974 3 17
223296 9 27
2033 2 28
283227 4 4
1907 4 2
120565 6 26
2149 4 7
191958 9 7
2237 5 26
359539 2 11
2165 10 5
178883 5 29
1921 8 24
43605 1 2
2237 4 3
60923 6 3
2051 11 2
191277 11 16
2129 10 17
207279 7 16
2144 12 22
3422 2 27
1902 12 4
27964 5 22
2103 6 14
365671 6 23
1946 11 20
143065 2 10
2284 10 29
396132 2 9
1933 8 28
264371 5 21
2009 7 5
247314 12 2
2049 4 28
154238 5 22
2255 10 1
102467 10 10
1942 4 11
277477 4 23
2293 7 15
56605 11 12
2034 2 6
354779 3 26
2286 10 5
134112 12 4
2120 8 24
169636 6 8
2219 4 11
113554 7 7
2072 8 15
356996 2 24
2004 2 20
107238 7 16
1988 3 7
386628 9 3
1959 11 6
352569 5 4
2074 1 23
119195 7 2
2224 9 6
112050 3 6
1946 6 30
182701 3 15
1985 10 30
368776 1 2
1977 4 13
42832 6 23
2198 8 21
372742 6 1
2059 9 6
19552 1 23
2059 8 18
26934 5 11
1930 11 22
316584 2 24
1959 3 3
311685 3 19
2217 7 8
324978 6 17
1950 6 15
288047 10 10
2287 7 12
24425 3 16
2173 4 13
204752 1 20
2170 3 17
224467 1 23
2288 9 11
155449 11 17
1927 8 21
385469 10 8
2014 5 1
234267 10 7
2098 6 23
142486 9 19
2276 8 17
86994 11 3
2204 5 6
117663 4 1
2286 8 20
138035 12 9
2071 1 15
290155 2 22
2185 11 27
103275 12 24
2187 8 15
141847 4 17
1984 6 25
301766 4 11
2034 4 3
239436 10 15
2002 12 4
115285 6 13
2253 9 27
195006 5 29
2071 11 29
316093 4 23
1993 10 16
286747 8 19
2035 6 13
312361 7 1
2119 2 9
364247 5 8
1990 2 26
165500 1 15
1944 11 17
103331 12 4
2075 9 16
141045 11 21
1923 5 9
266525 4 28
2179 6 7
6270 6 27
2221 12 13
88359 1 25
1959 3 25
259398 11 21
1950 9 18
57930 10 4
2281 10 10
189052 5 20
2016 11 23
264862 3 28
2003 11 12
22562 7 4
2099 7 25
56264 4 19
2182 11 2
396388 4 15
1926 9 23
207105 1 17
2089 7 1
327570 9 29
2180 4 12
111061 3 22
2057 4 17
31093 9 10
1915 11 16
197165 3 17
1921 10 23
163323 2 15
2285 6 24
252267 8 25
1931 1 6
378883 3 5
1994 11 1
309454 6 6
1925 11 6
340713 4 10
1998 4 26
127038 12 8
2126 12 5
219961 2 9
2051 10 30
230288 6 28
1991 6 20
185157 12 25
2005 12 12
94901 9 11
2026 2 19
180544 5 29
2022 4 10
279231 12 13
2020 1 25
250504 5 17
1997 5 30
109174 6 22
2097 7 21
190052 3 21
2024 5 4
86449 9 14
2131 12 4
73787 12 25
2059 4 27
146793 4 2
2083 3 9
169929 11 19
2269 9 12
39453 7 28
2062 12 1
162168 5 24
1999 10 26
5907 1 22
2086 1 30
212700 3 5
2273 9 26
391342 4 22
1914 11 28
132015 2 2
2020 9 2
127083 6 4
1966 3 20
105823 9 28
2117 8 9
302008 9 29
2163 4 4
217198 7 7
2196 11 13
217604 6 21
1991 7 15
105010 9 15
2044 4 27
327628 11 19
2276 4 1
14954 2 6
2038 4 27
208807 12 3
2125 4 20
88808 6 1
2182 1 2
244137 11 5
2035 6 13
314821 5 11
2295 8 25
393290 10 18
1900 8 5
178575 5 4
2287 9 3
274290 2 15
2172 5 27
175110 9 10
2173 3 29
401062 11 21
2131 4 2
328405 1 27
2029 5 19
61972 3 9
2210 5 5
315874 4 28
2196 8 24
281000 10 17
2205 12 3
336593 5 21
2120 9 26
339930 5 7
2240 4 6
30483 9 5
2113 1 12
378995 4 15
2121 9 10
145973 9 4
2034 4 12
282121 10 3
2060 10 11
287518 5 5
1902 12 25
81349 10 13
2228 1 2
241780 3 13
1964 9 3
184824 7 9
2241 8 6
68588 8 28
1970 6 4
44801 6 14
2248 1 1
296068 2 6
2114 9 14
122139 7 6
2018 12 24
247158 6 15
1984 3 29
310361 4 16
1986 8 9
340664 8 25
2239 10 3
122745 9 18
1992 2 28
17886 7 20
2287 1 24
194109 7 3
2017 12 26
260512 5 2
1943 11 28
377512 7 11
1949 5 9
308323 6 18
2273 2 26
262515 3 9
2007 8 28
51645 7 1
2168 3 21
226546 9 1
2058 1 16
40052 5 6
2017 7 30
345636 3 16
2028 12 22
45747 11 23
2025 5 7
239699 11 15
1993 8 5
376276 9 18
2057 1 6
34953 11 10
2147 6 16
29990 12 11
2094 5 21
179388 1 21
2139 12 20
213756 7 11
2208 1 19
383128 9 6
2230 11 22
173203 10 7
2295 7 3
336423 12 23
2004 11 23
129068 5 8
2145 6 12
341689 11 3
2016 1 15
154800 8 22
1924 2 23
96024 2 24
2177 6 2
76798 7 4
2247 4 28
166272 6 12
1949 3 22
88233 3 24
2270 10 24
125898 2 12
2255 11 12
28663 6 10
2299 10 26
389671 12 24
2162 3 6
102901 7 25
2192 9 10
127453 1 11
2105 5 15
108404 11 1
2207 7 1
233755 1 4
2137 4 18
148255 2 13
2219 12 27
24459 12 26
2205 7 8
322861 9 6
2072 6 8
317946 10 16
1999 6 19
370233 11 22
2011 11 11
325397 12 7
1915 2 26
306130 1 28
1959 4 21
44186 4 8
1920 5 19
83350 2 1
2084 3 11
99801 12 6
2228 9 11
146950 1 14
1972 6 13
261994 12 3
2037 7 24
328353 12 27
2150 5 27
217219 3 16
2066 7 20
319090 1 26
2156 1 20
306615 8 13
2088 11 3
314014 4 28
2124 11 17
399570 4 18
2256 7 10
34657 10 30
1949 9 3
334229 2 8
2281 2 14
99225 3 27
1962 4 4
308173 11 30
2206 9 14
336103 2 21
1999 11 29
352876 2 5
2294 11 29
86841 10 9
2009 6 6
206729 8 12
2101 4 3
382675 2 13
1937 2 15
281795 5 9
2087 3 3
128867 5 2
2226 5 17
80131 7 15
1995 10 20
364522 2 2
2262 6 20
199441 4 9
2148 10 18
155391 8 4
1928 7 1
171914 11 1
2136 12 23
118651 6 22
1983 4 24
107367 4 17
2253 12 6
218781 6 8
1963 2 8
90773 4 14
2088 6 2
192847 1 29
2080 7 13
59469 11 19
1986 8 5
272796 4 23
2102 1 12
192444 12 25
1967 4 11
316520 3 23
2004 1 30
384611 5 9
2298 5 21
266802 1 28
2057 1 1
148495 6 19
2083 7 1
125202 2 27
2279 12 25
78357 5 19
1958 1 28
328754 11 21
2024 7 20
25778 10 18
2265 3 18
270843 1 2
2145 6 4
358934 10 7
2072 8 25
104328 8 15
1964 5 27
19217 2 18
1959 6 26
77237 10 19
2282 12 25
359503 9 10
2084 6 26
204732 12 12
2152 6 24
168422 6 2
1958 10 27
175987 2 20
1914 8 14
164625 10 5
1974 6 30
91040 11 29
2190 7 30
160449 8 1
1977 1 25
297496 1 15
2083 8 24
278118 9 30
1959 10 12
384679 7 16
1986 3 5
242132 6 17
2010 1 13
306513 9 26
2100 12 21
161879 8 1
2157 10 26
167006 11 3
2101 12 28
288158 12 25
2076 10 11
223418 3 6
2099 4 4
122653 1 18
1922 11 14
241471 12 21
2092 4 1
191433 1 16
1976 1 5
71000 12 23
2153 12 17
222677 1 26
2169 11 9
329242 8 13
2210 7 4
82441 9 1
2295 2 4
321408 6 24
2295 12 30
382233 9 16
2211 5 22
327227 3 7
2279 11 21
282416 4 14
2175 7 9
351005 4 9
2193 9 30
237210 7 30
1911 12 24
313218 1 10
2024 5 12
203353 2 18
1984 7 20
365426 4 12
2244 3 7
104908 9 4
2206 8 1
144258 7 6
2006 7 25
44211 1 20
2212 7 15
120886 9 24
1932 3 29
45590 4 6
1985 8 23
314037 6 14
2277 6 26
242582 6 13
2090 2 15
232693 6 4
2243 8 19
288867 5 30
2188 11 4
221356 8 8
2152 11 10
19678 5 8
2284 9 16
293001 8 2
2166 9 24
8823 8 21
1906 6 27
232024 6 12
1996 9 23
206564 8 2
1998 2 3
288632 6 27
2249 2 8
393924 4 17
1925 10 22
289312 11 6
1921 3 17
324594 10 26
2123 6 22
185463 5 7
2223 9 16
160706 2 11
2274 4 26
34958 10 6
2154 5 29
105086 5 13
2039 2 10
142245 8 11
2243 6 16
101240 6 15
1903 9 21
9973 2 30
2072 11 16
98576 1 15
1978 6 22
159699 10 12
1950 7 13
73117 9 25
2186 4 16
295997 1 21
2295 11 19
197696 9 14
1900 11 2
135235 8 13
2096 10 4
201900 1 11
2098 10 2
400849 8 5
2146 11 6
267304 3 18
1915 9 9
190557 4 6
2271 6 30
4688 8 20
2102 6 30
105041 5 2
2059 11 6
388103 7 13
2289 1 20
130502 6 8
2233 3 28
147227 11 26
2181 3 18
251269 7 9
1946 7 25
101338 6 4
2041 1 24
386906 10 15
2134 3 24
83700 1 11
2228 11 15
179861 6 19
2065 9 17
267024 8 3
2256 6 21
76053 11 25
1960 8 26
216381 10 17
2119 2 14
238066 12 4
2065 8 1
259360 9 21
2052 11 19
45230 2 19
2155 8 14
137350 8 4
2123 5 26
224890 9 17
2008 3 12
184014 6 6
1907 4 30
83449 4 15
1920 9 8
199027 12 20
2198 7 20
93400 5 24
1948 10 20
86213 4 17
2009 10 30
8617 10 22
1958 6 5
298351 7 10
2168 10 25
394354 12 3
1989 4 23
317160 6 1
2160 7 5
285955 10 4
2034 9 29
201261 11 18
1990 1 5
194468 1 30
1985 10 26
373278 8 1
1934 3 5
330572 3 15
2097 9 21
396925 12 12
2264 7 23
51228 5 28
1980 1 10
79817 5 13
2184 2 30
249472 12 6
2020 11 25
303876 3 6
1902 9 4
223806 8 4
2010 9 8
169570 9 8
2140 8 21
51004 12 21
2025 6 12
385664 7 26
2156 10 24
158076 10 14
2279 12 1
157323 1 22
2036 4 22
380751 4 16
1956 7 21
15321 3 14
2226 4 23
119797 9 12
2058 2 8
153215 10 4
2097 1 7
328709 9 5
2296 3 16
273506 8 25
1958 10 12
226935 10 30
2069 4 24
382771 11 29
2046 9 1
82860 9 16
2193 4 1
262518 2 3
1937 9 4
181989 1 28
2017 1 6
45375 7 24
2248 1 1
94514 11 2
1941 12 23
262459 3 9
1982 6 14
314468 1 29
2154 5 10
362577 5 14
2042 11 24
89894 10 28
2211 2 13
311892 10 26
2203 10 1
373480 5 30
2229 2 21
255897 3 13
2220 10 22
109851 9 5
2055 12 9
81117 5 3
2199 1 28
224613 9 23
1909 7 8
38467 5 29
1901 12 9
22852 5 14
2019 8 1
150382 7 9
1973 12 17
177521 12 8
2263 8 18
31004 6 8
2051 9 20
373636 12 24
2183 2 19
196668 2 11
2062 7 12
179835 1 7
2140 3 7
301940 12 7
1982 2 7
206470 3 23
2046 4 15
243954 8 14
2042 3 4
362172 8 18
2080 8 28
390429 5 29
1968 1 30
49901 12 24
1951 1 26
124170 9 11
2286 1 26
266822 11 9
1963 10 18
257852 1 12
2045 4 24
135003 3 28
2153 5 10
72263 11 29
2030 10 12
246729 9 5
2248 1 22
14442 6 27
2296 9 15
216116 11 15
2230 4 25
324622 12 23
2057 5 11
9537 12 6
2257 3 19
157168 3 9
2201 12 30
68943 1 12
2013 6 29
132939 3 25
1911 4 10
343202 9 6
1953 9 26
312521 9 13
2036 12 20
76238 3 22
1917 10 13
234914 9 23
2254 11 24
200749 1 23
2000 3 11
67945 4 30
2205 12 15
70577 5 30
1974 11 19
79871 1 21
1962 8 26
385148 1 28
2084 2 24
364487 11 5
2252 3 28
232869 4 20
2023 8 25
395656 8 4
2181 2 6
275399 8 27
2282 5 11
92675 11 20
2124 7 24
330896 10 24
2032 3 20
199087 11 8
2045 10 7
282452 9 28
2094 9 11
237986 11 10
1942 9 30
164771 8 25
1918 11 24
111839 2 26
2032 9 30
152790 9 24
2083 11 28
348611 3 17
2271 5 24
37351 3 18
2105 10 12
250330 7 18
2085 7 13
387507 8 19
1998 10 19
160599 9 19
2184 8 14
57395 1 22
1991 2 17
78854 1 10
2276 5 27
240368 8 5
1929 2 15
326496 11 8
2052 8 30
126111 1 29
1963 12 13
371585 8 26
2065 3 21
252877 12 7
2072 12 21
181763 1 5
2246 4 14
220729 10 12
1908 1 11
41946 7 3
1993 9 24
218119 2 30
1913 12 15
34384 2 14
1984 11 23
199747 4 1
1962 3 16
310379 4 16
2136 6 23
39357 4 25
2141 7 18
337112 4 23
2151 3 30
54109 12 16
2128 7 9
197073 10 5
2062 3 30
142245 11 11
2140 7 26
373788 1 11
2103 11 14
150508 6 17
2252 5 2
334792 11 15
2004 10 16
392764 4 23
1949 5 13
307983 6 17
2293 7 3
340369 7 20
2288 9 28
323138 5 18
2258 2 24
118944 9 12
2223 8 29
302514 1 2
2282 5 26
198489 10 20
2012 6 19
10098 6 24
2254 9 23
173314 10 24
2264 6 1
326998 1 8
2159 4 1
348788 3 18
2258 2 18
377654 12 20
1979 12 3
63736 2 13
2254 9 5
174060 7 21
2267 8 2
372677 9 1
2269 7 29
376329 11 10
2070 10 27
84070 3 19
2123 5 26
48973 6 27
2259 2 24
84487 12 6
1980 9 8
189520 9 20
2114 9 23
223916 7 23
2085 3 17
143640 9 1
2284 5 18
295140 9 21
1928 5 29
302743 7 19
2207 11 19
94585 9 24
1976 3 21
356176 7 4
2195 9 22
96048 7 14
2225 5 27
388846 5 18
2138 3 15
348800 4 5
2228 1 18
76475 5 24
2073 4 5
217424 6 12
2129 7 2
74667 9 17
1990 1 12
32285 3 26
2120 2 28
265534 10 5
1949 11 8
19658 8 30
2197 11 10
145606 4 16
1922 5 23
208941 12 13
2167 10 6
52806 2 13
1985 4 1
4528 4 26
1905 7 5
384030 4 19
2268 5 25
181543 5 18
2031 12 8
385263 1 5
2072 4 28
97627 4 22
2063 9 20
256021 7 30
1982 12 7
201942 10 29
1918 3 28
306468 9 20
2256 8 2
294651 11 5
2166 1 20
166517 4 16
2245 7 1
136136 1 19
2237 6 4
279733 7 21
2147 6 9
10019 2 14
2061 1 26
232054 7 23
1932 3 4
219332 10 4
1942 2 11
118873 11 17
2075 4 28
376872 7 19
1961 4 26
154693 7 23
1933 11 12
125820 4 13
2159 6 1
375835 4 22
2265 5 20
113726 8 17
1939 5 18
71838 9 16
2284 9 14
14873 12 1
2284 11 4
29320 1 13
1975 7 19
42019 4 21
2041 8 27
70456 12 27
2155 2 1
152571 3 20
1947 6 7
397732 2 5
2080 10 24
139735 7 26
2160 5 28
73146 8 15
2186 7 16
199271 11 23
2272 6 30
77811 4 4
2184 11 29
23853 11 9
2223 12 13
321726 2 18
1934 10 9
245282 1 13
2120 3 9
87511 6 24
2085 4 22
344461 6 15
2188 12 20
150206 6 18
1975 7 24
310863 10 16
2058 1 25
242789 8 17
1973 9 3
126936 4 5
1918 2 20
150865 4 28
2159 8 27
50468 11 12
1944 2 12
238913 3 27
1967 11 21
364356 11 28
2172 5 5
14538 9 30
2215 11 10
272272 12 26
2234 10 14
234401 1 5
1921 6 29
112930 10 18
2254 4 9
66994 6 18
2266 9 11
132508 7 23
1913 9 4
247220 3 12
2126 2 15
98516 11 11
2076 2 19
264755 1 7
1950 11 7
101066 8 1
2084 3 24
40057 1 22
2170 4 7
284755 4 13
2070 1 30
236806 2 13
2249 7 10
43087 10 16
2215 2 24
111574 6 2
2270 3 12
357613 7 14
2088 12 5
308422 9 27
2086 8 20
115065 7 29
2228 9 17
224179 4 2
2262 5 4
105611 2 2
2011 8 29
322703 3 18
2064 5 3
204728 10 6
2225 1 26
161009 9 4
2253 11 25
240118 11 28
2293 6 15
24510 12 12
1907 7 9
382610 10 3
2178 5 19
12224 3 14
2247 9 30
123651 12 3
2179 7 15
283417 3 12
1972 7 18
258128 1 24
1944 2 4
365223 9 15
1925 6 30
56438 12 3
1904 5 2
129253 9 10
2058 7 6
351796 6 19
2234 10 9
60923 11 4
2284 11 28
41165 3 20
2021 9 7
145769 3 25
2218 3 5
314331 2 20
2242 2 17
177380 5 24
2096 12 4
398714 11 26
1960 8 25
190062 7 21
2272 3 1
324036 10 20
2214 6 18
95187 11 4
2238 7 22
377332 6 4
2024 3 24
388272 5 26
2110 11 19
113196 4 30
2252 10 6
52873 4 8
1972 3 6
304948 12 19
1951 7 29
41314 5 2
1971 5 25
266871 10 11
2226 8 22
340432 7 13
1996 5 24
210546 9 10
1959 7 22
99093 9 25
1976 9 6
370107 5 7
1981 6 16
135819 12 14
2210 1 17
212490 7 16
2122 11 28
247498 3 18
2102 8 30
308281 1 23
1932 7 29
73656 2 30
1946 12 17
331333 12 2
1918 5 7
360996 2 7
1937 1 7
63472 9 19
2146 1 6
329454 10 9
2289 1 16
198911 5 12
2285 5 2
266848 6 15
2139 8 17
91678 4 8
2123 5 23
299961 6 7
1988 4 2
14421 12 14
1932 12 19
353914 12 8
1965 11 30
26855 4 21
2155 10 23
14138 11 8
1912 1 8
36768 2 21
2183 11 4
348266 7 28
2277 12 27
331819 5 7
2228 10 22
307648 11 1
2108 11 4
173707 4 25
2289 4 14
297788 7 5
2123 3 14
329220 3 4
2206 3 18
44266 12 30
1977 12 14
28982 9 3
2253 5 6
20751 2 6
2106 6 7
306337 10 5
1994 4 17
328936 10 2
2000 7 6
41144 6 29
1933 2 22
335003 5 25
2106 10 14
328135 8 15
2224 12 19
168203 8 24
2195 3 13
203141 9 13
2042 11 23
401323 7 25
1981 1 17
113441 4 3
2122 8 22
223124 9 2
2013 11 3
52736 1 19
2069 9 19
36343 3 13
2062 2 26
364868 8 8
2091 1 30
129665 9 25
2202 12 18
115483 6 7
2166 3 4
216126 3 20
2065 3 30
369417 6 10
1940 2 1
142897 12 26
2227 6 2
385866 8 12
2223 12 8
348007 12 29
2231 11 21
291983 1 13
2216 5 17
20211 8 29
1970 11 9
109878 2 24
2027 10 13
338450 12 11
2229 12 10
174484 10 14
2086 5 1
334235 1 18
2007 6 11
113738 7 8
2257 1 12
21372 1 2
2222 4 28
127639 2 1
2241 5 16
294726 7 13
2204 6 26
128887 12 22
1929 6 13
136055 4 28
2015 5 9
146809 4 2
2029 12 13
298350 10 5
2292 9 22
163997 4 7
2290 6 7
182108 11 19
2291 2 21
109538 8 29
2007 5 20
310709 3 15
2296 8 14
25724 3 14
2215 2 17
232039 2 12
2071 2 26
381455 7 15
1943 10 18
263583 10 4
1927 8 21
286237 4 19
2095 5 16
85286 5 22
1962 12 16
154059 10 21
2000 12 9
153436 3 29
2004 7 30
303320 1 14
2274 1 2
8624 6 11
1917 12 10
236331 8 19
2075 8 23
14322 11 4
2299 3 9
382492 6 5
1969 11 30
193400 2 10
1927 3 16
61504 2 18
2049 8 28
253227 6 19
2025 9 23
34375 8 10
2003 6 11
318704 2 9
1940 7 12
91600 8 19
2223 4 18
137523 8 7
2169 8 22
41757 9 8
2015 5 26
373679 9 8
2128 6 6
223562 1 17
1951 11 16
182431 1 29
2107 8 1
53843 3 17
2250 10 22
143599 2 25
2290 10 4
48767 7 10
1973 4 12
358770 9 11
2007 10 18
79134 8 8
2121 10 9
261751 7 4
2112 10 16
339679 11 12
2000 5 30
204997 12 11
2158 1 2
383916 1 21
2130 1 6
40686 6 7
2037 7 22
179546 1 18
2041 5 22
226945 7 24
2210 6 11
317615 6 30
2091 7 7
153025 5 26
1939 3 14
357659 10 18
2248 3 18
281921 4 26
2180 11 15
14052 5 4
2036 12 27
181360 1 21
2136 6 22
318032 8 29
2024 1 10
333117 10 14
2087 1 24
357062 2 26
2274 12 18
393072 12 1
2066 12 15
140372 8 11
2077 1 6
307946 10 24
2217 9 24
161480 4 27
2083 10 17
114471 9 15
2165 9 30
297720 6 30
1968 8 22
342857 7 27
2049 10 27
83695 9 24
1917 7 26
205487 2 11
2166 1 18
115263 7 27
2154 12 7
302565 8 2
2254 8 24
384480 10 20
2253 11 7
144914 6 5
2121 1 8
223989 1 2
2199 9 9
385626 5 4
2028 6 22
260079 3 13
2249 12 14
64445 5 15
2033 5 16
116646 4 29
2029 8 30
137438 10 22
1993 12 27
143927 11 9
1909 7 16
281607 5 22
2023 4 8
179195 11 19
1972 5 10
294165 11 17
1959 9 19
344116 2 12
1993 4 10
58787 4 1
2273 11 10
200138 7 26
1919 9 14
136211 2 10
2192 12 14
373130 10 28
2116 2 22
290914 2 27
2283 8 11
259886 1 28
2150 4 18
164852 7 16
1938 5 6
277070 11 1
2114 2 7
229045 4 23
2238 12 25
162656 1 30
2068 1 19
105943 5 2
2035 4 28
142507 9 8
1917 9 28
52283 2 30
2276 1 8
378169 1 22
2166 10 22
377875 9 2
2160 7 28
313073 5 18
2248 12 8
27805 2 7
1916 9 29
158414 12 19
2029 12 9
169769 9 21
2267 9 3
119270 8 18
2292 4 1
355812 3 14
1964 12 21
290157 10 25
1976 5 28
252985 3 25
2000 11 25
84135 4 6
2070 3 19
56886 8 23
2163 11 11
296791 9 3
2236 8 19
84422 6 10
2212 10 10
329431 1 22
2054 3 19
352203 3 19
2103 5 15
250126 7 16
2175 1 28
18133 12 22
1958 4 9
269308 5 5
2041 11 17
102659 12 14
1922 7 30
380989 1 5
2180 6 21
75612 7 26
2098 4 2
292547 8 26
1977 8 16
133921 7 17
2187 5 1
287824 8 3
2203 2 14
400331 7 9
1914 4 26
346335 11 6
2192 1 4
330085 11 24
2158 7 29
263399 5 10
2008 5 2
228010 10 20
2051 2 26
3933 3 28
2089 10 25
228765 2 12
2299 10 14
352787 4 12
2225 7 20
137103 9 29
2287 9 17
78933 11 17
2171 1 2
401469 3 19
2191 4 3
395645 11 10
1912 5 3
10620 8 21
2067 12 15
122024 2 23
2084 7 23
234903 1 14
2288 3 3
13537 7 5
2162 8 21
114238 12 23
2126 1 6
319411 5 22
2102 4 23
123881 8 18
2288 1 20
293715 7 25
2195 10 21
283510 10 13
1924 12 25
229051 9 29
1940 11 7
345310 9 18
1937 10 17
384243 10 17
2263 7 25
28066 6 10
1985 10 2
332395 9 17
2288 2 19
354260 6 21
2266 9 23
4247 2 20
2050 5 28
44284 11 20
2199 11 24
178044 8 30
2277 12 27
299045 2 29
2002 7 29
314669 10 27
1921 11 28
58700 11 11
2209 10 10
116837 8 7
2214 4 21
145635 1 14
2037 3 3
268971 10 4
2140 5 26
325586 6 8
2204 4 6
325256 12 2
2220 6 17
211844 8 22
1995 9 19
197193 3 15
2209 10 13
216473 11 18
1920 12 20
137896 2 19
2012 9 16
387280 8 22
2066 10 26
378881 11 30
2232 5 4
345826 6 15
1981 1 30
14751 4 28
1982 5 14
337421 6 10
2164 4 8
178032 9 19
2164 4 30
367177 5 21
1941 7 24
397616 5 5
2218 3 30
283362 1 28
2011 3 19
179196 7 11
2089 6 2
197007 1 9
1939 10 28
288355 11 9
2037 5 5
211340 3 2
2033 12 16
142608 7 26
2129 8 15
385424 10 13
2139 8 24
306715 5 23
2168 7 8
344803 7 13
2138 6 7
229927 11 12
1981 11 11
186088 12 14
2274 10 29
289414 4 21
2084 5 10
286929 7 2
2243 3 20
241613 12 10
2030 11 3
41375 6 7
2169 8 2
371789 4 8
2019 12 2
79355 3 4
1903 8 7
198236 5 5
2143 9 5
199644 10 16
2066 7 30
179276 4 2
2141 11 1
4539 9 12
2217 2 8
112920 4 28
2245 8 6
349115 7 20
2172 10 22
246965 11 5
2027 7 24
234850 10 14
2214 12 21
100276 9 30
2273 6 4
353525 3 17
1948 2 26
143767 12 26
2238 2 5
21396 6 7
2018 3 1
316503 10 12
1938 1 25
175659 11 11
2098 1 15
358856 7 30
2131 4 15
285460 11 24
1914 1 5
128650 3 15
1953 3 1
391894 6 1
1946 11 23
13314 3 20
1984 6 12
123529 1 22
2124 1 27
211219 11 26
1961 2 8
313016 6 15
2224 8 1
156076 2 24
2068 8 25
394881 9 4
2124 1 27
364693 6 11
2005 12 17
373700 12 24
2167 10 7
209267 4 18
2080 2 22
123220 6 20
1963 12 11
326833 4 3
2119 8 11
44507 5 24
2283 7 14
175331 8 22
2085 1 23
311075 6 21
2285 9 9
116521 4 11
2288 11 15
60555 5 6
2089 2 23
226992 6 22
2055 2 23
54294 9 21
2035 9 17
60115 1 15
1992 10 28
71453 8 8
2104 2 29
161759 8 8
2100 7 10
202366 4 25
2123 2 24
46661 6 6
2006 3 11
321692 9 21
2261 5 20
86539 7 9
2217 6 2
228659 6 7
2098 12 13
228054 2 13
2124 8 27
390770 1 24
2080 11 25
204813 11 1
1943 2 13
189470 12 1
2010 9 6
360479 12 12
2192 6 1
209933 12 29
1922 3 20
214566 1 26
2063 3 23
321352 7 25
2027 5 4
346680 12 21
2092 9 20
325666 3 26
2197 8 28
142886 2 24
2255 9 18
191900 5 3
2002 9 7
203965 11 16
2095 1 12
166573 5 22
1920 7 25
397212 1 11
1902 4 19
323058 1 17
2014 1 22
257468 8 22
2138 9 19
392511 2 4
2160 7 9
324339 11 12
2225 8 20
288687 9 6
2028 5 22
185161 2 2
1964 8 10
268959 10 1
1956 7 30
382322 12 2
1950 12 28
348713 5 13
2042 11 30
167530 5 30
2206 8 4
387909 11 27
1943 5 24
140654 11 28
2008 6 17
47337 3 27
2011 6 1
120005 5 15
2161 1 23
77576 1 17
2261 11 7
311025 6 14
2212 3 23
294411 6 8
2223 4 4
228580 5 11
2108 10 23
56580 9 15
2134 9 20
226971 9 28
1970 8 20
269895 2 21
2041 9 3
265351 2 18
2254 3 18
313553 11 20
2147 12 30
399726 5 4
2275 3 7
380070 4 5
2001 7 15
157015 4 24
1937 5 8
214780 2 4
2112 6 11
94664 1 7
2137 1 7
57041 10 1
2183 10 27
169428 9 2
2137 2 9
301762 7 11
2248 6 21
354569 5 22
2084 4 4
117621 7 16
2228 12 22
233241 8 2
1913 3 18
283396 8 27
1989 12 2
181205 4 9
1979 4 21
171890 1 8
2293 10 25
270425 7 25
2266 9 29
112820 1 11
2203 7 18
289814 12 28
2022 12 14
75540 2 19
2024 7 30
396853 11 17
2029 7 14
190481 7 3
2128 4 11
242706 1 26
2091 9 11
262199 10 22
2269 1 14
232623 3 20
2193 9 6
303225 4 18
1996 11 23
5081 12 21
1948 5 30
133119 8 14
2004 10 29
251835 5 17
2293 7 16
60948 2 22
1955 10 13
308261 4 12
2216 12 30
34837 9 9
2007 2 21
92629 9 22
2297 5 6
388967 4 18
2062 6 26
212817 11 6
2149 8 10
267174 11 4
2199 1 6
22309 4 14
2061 5 28
256249 12 27
2157 4 10
240670 2 12
2226 11 14
170734 5 8
2123 9 11
142217 11 6
1941 3 13
130156 9 16
2162 2 28
322807 9 26
2222 11 21
310030 11 25
1943 4 15
139813 8 25
2193 2 11
108726 12 27
2246 3 27
276703 2 26
1942 3 16
362286 10 5
1974 10 24
110182 10 29
2014 4 14
385033 6 17
2022 4 20
143616 10 9
2178 7 27
9965 2 24
2084 10 8
307161 8 2
2247 2 5
292192 6 21
1913 3 24
221294 1 3
2058 9 8
218114 1 19
2061 11 11
360366 12 25
1932 8 1
138882 2 9
2156 5 25
360424 5 18
1999 10 9
135555 9 8
2212 9 21
397727 1 6
2067 10 11
314549 9 11
2090 8 13
106534 4 21
1917 10 6
236822 9 6
2023 11 15
50414 7 7
2148 8 8
227543 12 17
2089 9 18
25953 12 30
2023 7 16
39183 8 3
2033 8 4
254506 2 27
1999 6 27
63224 1 10
1978 6 12
288251 10 16
2054 12 30
245689 10 10
2230 7 6
45592 6 20
2284 11 15
22046 6 17
2011 11 22
288206 6 22
2106 4 15
72077 4 24
2034 5 23
212334 7 25
2092 4 14
301975 9 15
1955 8 22
59021 5 15
2134 8 26
210523 5 20
1900 6 30
167943 6 22
1924 11 14
232578 9 22
2153 12 28
304915 4 6
2253 4 26
267000 9 10
2026 11 2
308078 9 19
2051 1 11
182789 3 9
1975 11 19
387336 3 20
2121 4 29
136001 6 28
2172 11 29
239373 10 3
2246 1 23
51970 4 28
1937 12 20
384746 12 17
1971 10 14
311089 1 13
1911 5 13
381585 1 12
1912 11 26
360930 9 21
2031 6 2
122995 12 23
2202 3 8
129269 6 30
2263 12 14
82010 12 5
2054 3 12
81573 9 11
2276 10 23
304946 1 29
2047 1 24
157035 6 26
1986 11 26
366905 3 5
2231 12 23
248773 11 4
2181 6 23
380796 2 12
2198 2 23
302965 12 7
2274 3 3
316922 12 6
2290 2 6
338387 1 3
2116 4 20
150384 5 30
2225 7 3
188174 6 28
2155 11 4
172090 4 22
2062 3 28
7903 12 11
2014 9 1
353957 5 21
1911 12 30
322403 1 19
2183 5 23
110684 11 25
2266 6 14
24950 1 4
2239 5 17
273466 2 18
1956 5 27
368654 12 6
2269 11 4
329087 5 26
2216 9 7
156597 4 8
2027 11 17
237793 4 1
1972 7 20
24805 6 5
1909 10 22
179379 5 29
2020 4 9
108818 5 18
2161 3 16
222359 2 12
2034 9 26
89810 2 20
2286 2 22
229019 7 23
2153 7 11
283911 1 29
2030 9 28
371456 10 11
2002 6 2
18601 10 8
2080 12 8
351678 9 21
1995 4 3
209561 4 8
2042 5 19
307136 8 3
2270 4 11
383725 7 18
1924 11 5
347690 11 15
1919 12 11
334108 1 11
2250 8 27
11000 11 8
2272 10 11
342348 1 1
2164 2 19
130598 7 7
2230 3 8
28587 1 20
2014 1 17
61385 6 12
1979 1 18
193332 1 1
2272 5 17
59697 6 8
2283 8 20
160950 4 19
1986 6 13
115196 9 21
2285 9 1
335969 10 6
2041 6 6
390979 3 4
2049 9 11
76929 8 28
2215 6 6
293616 5 17
2232 6 7
131781 9 12
2076 5 30
123386 4 29
1933 2 10
4403 2 4
1963 5 13
64772 7 26
1972 10 6
160665 10 9
2089 12 22
323143 6 27
2203 8 9
64443 1 10
2044 9 9
372623 10 2
2121 9 3
254194 10 16
2217 9 26
232585 6 1
2199 1 26
93234 7 21
2153 4 20
167467 8 23
1929 4 28
216282 11 16
2278 10 2
137674 5 22
2090 3 13
325846 3 15
2291 2 1
266383 9 27
2188 12 21
374470 2 17
2152 10 4
246310 12 17
2242 3 15
247182 2 19
2163 5 21
298260 2 23
1954 9 13
158401 6 3
2239 8 17
254715 2 25
2064 3 6
116835 8 16
2090 1 23
309426 5 4
2095 10 5
374018 8 6
2079 3 27
194917 9 19
2004 9 24
275214 8 4
2238 8 17
53484 9 15
2206 3 4
60874 6 4
1982 8 25
280776 5 22
1920 12 18
58932 2 6
1959 12 10
266098 2 1
2185 5 15
304259 11 21
2215 5 10
89576 7 14
2032 7 3
191574 7 2
2227 9 29
8035 3 26
1960 7 13
252192 2 21
2057 10 27
152853 5 14
2296 5 17
221917 4 18
1965 10 15
356244 6 16
2030 10 26
185058 2 3
2256 7 27
257201 11 15
1914 10 2
59130 11 12
2287 9 12
27826 1 8
2124 4 13
111482 9 17
1909 12 9
350197 7 16
2064 7 30
319891 1 14
2224 7 6
61949 1 21
2242 4 28
60498 7 13
1971 5 22
264309 6 17
2174 7 25
323028 7 1
1901 10 20
316365 3 21
2106 7 26
213279 7 3
2222 1 7
170443 6 9
1939 5 4
331020 7 4
2016 6 13
279683 1 16
2235 6 19
192540 1 15
2038 5 15
382180 11 7
2171 8 2
369295 4 26
1988 7 26
171168 3 22
2274 12 7
254093 4 25
2262 3 28
85570 12 1
2218 1 5
63818 2 1
2190 5 29
361588 7 14
1930 7 15
131271 1 12
2118 7 17
393810 9 17
1911 9 15
353683 6 26
2032 11 28
393886 3 14
2147 5 5
395132 7 11
2149 12 30
363930 5 18
2036 2 26
278553 5 28
2003 2 16
325966 8 22
2191 3 19
114835 12 18
2081 6 11
215410 1 4
2033 1 4
324230 2 30
2248 2 3
328367 10 10
2085 3 20
336923 9 3
2287 4 2
53584 5 26
2191 6 10
272190 4 13
2038 12 9
36291 8 19
2202 5 20
261086 10 4
1928 7 13
27364 4 23
2294 7 19
344080 6 19
1977 7 19
303163 2 11
2247 7 29
349328 2 4
2029 8 7
192021 6 18
1996 11 22
360638 11 6
2065 9 13
323717 4 14
2290 2 3
159208 2 7
2117 6 3
185971 9 13
2087 5 25
9039 4 27
2269 5 28
99606 10 16
2269 7 9
325524 11 4
1909 3 1
270130 7 17
2046 7 1
63435 12 21
2272 10 27
78856 12 3
2120 2 15
20614 1 12
1939 12 27
45960 8 13
2215 3 15
197504 10 18
1972 8 8
2705 10 7
2191 9 14
129958 9 7
2117 6 19
41943 9 14
1905 12 29
273428 4 8
2215 5 28
347627 7 19
2106 12 3
360245 8 13
2033 10 9
77343 8 27
2160 11 12
327458 3 7
2159 9 17
184292 9 2
2263 10 28
345365 4 14
2186 6 25
313613 1 24
1991 8 4
332554 7 8
2002 12 11
400218 2 17
2257 3 28
371496 5 14
2293 6 10
218466 12 18
2122 4 29
225864 6 5
2017 5 28
329004 3 9
2131 10 15
245792 4 8
2060 7 3
209244 3 22
2016 3 24
15800 11 14
2060 1 9
334962 1 28
1912 1 24
361328 4 20
2255 1 19
39911 10 20
2179 6 15
372499 4 11
1935 5 29
93540 8 3
2043 8 12
94325 4 3
1904 1 14
12321 8 10
2077 4 7
390254 4 7
2154 8 5
10773 2 4
2168 2 27
39360 4 10
2031 5 12
327068 2 30
2245 10 3
288340 7 7
2149 10 21
25867 11 19
2032 2 28
74407 2 23
1974 10 24
354609 6 30
2238 3 19
191926 1 10
2100 2 3
116194 10 11
2270 8 15
23411 11 18
2275 10 30
145150 9 20
2195 6 11
346310 9 3
2220 3 17
338023 6 2
2234 5 4
347331 5 8
2221 1 18
21955 12 9
2120 11 23
267606 3 15
2137 5 18
243944 4 14
2121 9 19
29847 3 7
2257 9 26
264832 2 22
1909 7 11
311976 1 21
1950 10 2
325128 9 3
2234 7 25
352944 12 13
2252 2 4
68859 11 17
1910 2 17
295059 8 7
2049 7 20
41564 12 1
2014 4 24
44265 4 20
2093 6 20
368218 7 24
1919 9 16
264077 1 8
1942 2 23
167046 12 9
2098 1 14
195862 6 30
2136 3 27
123266 12 1
2165 10 25
128847 3 20
2018 1 20
96884 3 14
2137 4 1
27383 12 5
2057 5 27
290147 10 29
2041 5 24
394740 6 20
2134 10 8
39043 2 3
2176 5 9
116621 7 14
2203 2 10
280275 11 15
2079 5 16
214018 5 16
2104 6 27
338472 2 8
2007 3 7
211372 9 9
2136 1 24
326069 8 9
1924 2 24
282304 7 26
2071 2 13
57731 2 23
1998 10 8
328181 9 14
2208 3 10
144408 9 16
2056 9 12
220247 12 20
2003 4 7
106040 1 25
2286 4 10
238208 11 13
2276 1 18
126561 3 28
2034 7 26
31586 3 13
1972 5 6
231326 10 17
2281 1 12
45151 12 8
1948 5 10
281357 3 21
2013 6 3
142266 12 28
2157 12 14
165348 10 15
2129 6 24
42642 3 8
2048 12 9
177346 4 25
2285 11 3
376674 11 24
2032 1 10
384176 3 23
2088 8 27
5100 6 19
2152 7 6
336906 4 16
2236 9 25
374229 5 9
2162 10 6
256992 3 12
1977 12 5
288682 5 25
2229 4 26
68892 4 2
2252 6 10
346354 11 16
2076 6 14
11447 6 22
2066 2 4
77469 1 4
2174 7 28
367639 9 21
2060 6 5
326889 2 30
2040 3 4
359274 9 28
2167 5 1
22690 7 21
2070 12 26
127613 11 8
2265 9 21
216127 1 21
2175 8 19
345299 7 24
2118 1 11
240162 6 17
2218 11 18
126545 1 20
2108 5 15
25942 1 1
2094 7 12
384989 6 15
2037 9 16
189427 11 19
2204 1 25
364979 1 29
2203 8 20
233557 9 30
1952 10 27
21309 5 9
2053 2 16
10880 11 3
2215 2 27
369898 2 25
2293 3 21
138176 8 1
2013 12 13
229214 3 24
2147 10 30
85251 8 6
2274 9 1
78812 4 19
2043 8 7
60397 7 14
2007 1 25
375454 2 24
2247 2 16
379384 3 15
2229 4 2
58068 9 13
2201 3 29
324391 10 19
2214 7 7
54564 7 22
1944 10 13
323007 6 11
2157 9 8
207828 6 17
2004 1 21
224425 2 26
2262 4 6
246981 10 25
2157 1 26
101426 5 5
2003 6 6
91063 10 15
1938 9 9
114039 4 7
2194 5 28
351416 7 1
2086 11 11
139173 12 25
2116 3 8
110961 8 11
1915 10 11
201121 3 18
2154 10 22
312664 2 26
1915 1 24
67024 1 10
2011 12 16
345598 4 27
2043 8 11
314857 4 12
2136 8 11
292734 2 4
1920 2 13
180564 12 5
2116 7 29
188706 12 12
2176 12 17
194217 8 29
1996 6 1
133063 8 14
2180 5 4
197901 9 27
1993 7 9
385913 2 26
2153 12 15
339645 2 20
1995 10 12
58266 5 4
2072 12 20
206542 8 14
1952 5 3
391758 4 9
2150 8 11
308109 2 2
2088 2 23
224487 7 12
2020 7 10
293076 7 1
2252 5 26
341988 6 7
2027 6 25
238163 6 16
2238 9 8
262182 1 16
2103 1 19
287793 12 5
1923 7 30
362901 11 30
2275 3 18
398465 9 6
2296 10 7
129609 8 30
2229 12 30
89423 11 12
1995 11 16
118769 10 9
2105 10 5
223797 2 28
2240 6 2
254548 4 1
2220 7 8
401414 7 3
2208 8 25
332289 1 11
2191 7 28
341986 7 18
2010 4 3
94976 2 30
2097 1 25
170227 11 14
2039 6 9
121051 12 19
1979 1 11
261035 7 5
1932 5 7
378098 1 8
1964 12 30
87279 4 14
2168 8 12
347732 8 5
2220 1 13
141887 2 25
2219 7 8
196050 3 19
2193 1 9
360039 3 10
2241 10 1
139149 12 19
1985 3 10
159621 9 21
2119 5 18
40023 11 10
2150 2 17
334677 12 13
2094 3 26
281954 9 11
2208 3 6
291101 2 23
1920 9 18
133009 2 2
2008 12 1
212315 3 11
2054 9 13
45410 3 1
1921 9 12
121900 11 17
2183 10 1
232732 10 18
2225 9 2
253084 8 15
2146 10 10
357244 4 7
2194 6 7
280986 10 15
1934 8 5
345067 4 28
2171 11 9
113363 1 2
1995 5 12
58420 10 24
1913 6 10
133261 8 2
1908 12 14
266178 9 28
2060 7 23
222237 10 17
2045 8 8
85796 7 13
1952 5 30
306768 9 26
2014 7 4
173259 3 28
2168 6 25
245602 9 11
2263 10 1
289509 2 4
2258 11 26
138611 9 22
1920 8 18
270013 11 23
1980 7 27
66476 7 28
2099 9 24
351531 9 28
2158 2 18
235012 8 19
1979 2 25
279548 9 1
2036 7 4
26180 8 3
2081 4 21
377943 1 9
2167 1 6
184953 12 30
2005 12 19
198853 2 11
1970 1 30
152139 4 7
2028 1 1
184743 6 7
2033 8 11
308351 2 7
1919 9 21
91231 5 8
2298 10 23
84556 1 13
2019 6 21
387969 4 3
2284 3 21
272539 4 18
2083 4 23
345691 2 6
2134 11 5
134260 6 21
2293 4 12
397191 11 19
2035 4 18
388074 9 13
2228 8 1
350489 9 21
1900 8 15
83078 11 1
2065 5 6
163666 4 24
1951 3 7
241837 1 21
2288 2 11
153733 2 12
2201 4 5
366515 12 28
1965 7 3
71737 3 25
1902 9 11
5023 1 1
2147 10 3
332874 4 13
1979 6 28
172637 6 17
2216 3 2
93287 2 13
1953 1 15
121241 11 15
1956 8 13
112487 9 12
2086 10 6
260300 8 8
2085 6 21
229571 5 2
2115 11 21
22292 8 4
2202 5 30
151682 1 5
2153 11 23
250403 7 8
2060 6 28
35766 7 27
2295 8 11
74083 3 15
2052 12 15
132141 12 21
2095 12 27
190540 5 25
2152 2 10
356100 3 24
2228 6 12
323374 2 29
2110 11 9
26280 3 13
2035 5 29
139946 3 28
2011 2 20
237131 6 27
2193 2 10
185007 6 18
1905 8 21
175969 5 11
2073 7 19
36925 6 21
2269 11 30
227145 4 2
2218 7 2
77445 5 4
1939 2 1
341834 5 2
2241 8 3
119653 10 17
2125 4 3
370990 6 6
2005 11 22
266611 5 1
2227 9 28
83505 3 26
2172 4 26
341671 5 14
1927 12 22
130759 4 24
1943 7 24
101346 7 9
1948 10 29
8486 1 9
1974 12 9
29420 11 24
1927 9 13
34335 10 25
2270 10 2
34540 12 3
1921 5 4
184243 4 3
1991 9 4
396782 3 15
2043 6 13
172917 8 29
2282 3 23
355659 5 25
2121 9 30
249296 1 8
2182 1 21
176396 3 3
2281 1 23
33968 12 22
2253 11 14
398364 11 28
2069 6 15
323535 1 28
2100 10 27
338356 11 16
2020 8 20
102988 6 13
2107 10 14
169042 6 22
1963 8 2
315262 4 19
2188 6 20
331468 11 2
2175 7 16
54679 2 7
2085 8 17
338914 12 14
2235 3 25
40534 7 19
2282 2 6
90565 12 11
2068 7 12
375126 8 13
2225 3 30
287295 7 3
2017 4 5
362825 12 5
2037 11 15
249892 11 6
2018 12 6
295311 9 15
2115 7 20
225563 2 2
1910 7 8
140921 10 11
2029 2 8
345661 5 7
2140 5 22
167362 1 23
2107 6 20
49358 10 10
2076 7 25
385858 12 12
2066 11 19
275574 7 4
2017 3 11
228224 1 24
2149 7 1
156829 9 6
2095 4 1
142490 4 15
1967 4 20
163399 6 25
1938 9 2
134342 2 13
1903 5 21
323215 12 14
2270 5 9
379387 10 11
2044 10 6
292929 11 27
1971 5 13
261481 8 1
2114 1 11
166091 7 6
2058 9 23
111532 9 16
2024 2 23
268497 6 4
2013 2 28
69340 1 1
2072 2 17
366497 7 16
2081 6 29
371383 3 6
1928 10 20
95132 1 30
2221 6 24
381808 9 7
2159 1 5
205322 12 19
2153 1 24
360489 8 10
2078 9 13
310465 11 3
2162 12 3
45823 3 30
2111 6 27
246619 11 2
2231 10 4
34080 5 18
2038 6 5
178002 5 17
2293 12 3
5031 7 28
2060 12 13
229059 8 25
1925 9 12
39809 1 3
2112 6 22
285814 5 4
2063 10 14
32378 5 2
1972 5 14
100755 11 30
2013 10 12
50753 9 12
1980 8 26
54374 2 16
2059 12 11
144144 5 1
2053 4 27
369349 9 15
1958 3 8
21943 12 1
2268 2 8
9862 1 16
2046 12 12
290200 4 16
2152 11 6
364068 2 6
2218 11 13
93428 5 15
2105 6 7
82509 7 14
2125 7 6
70852 9 29
1913 11 5
74256 4 17
2105 12 1
290180 4 9
1912 6 13
314909 12 17
1996 9 27
272177 1 3
2146 2 5
164907 10 21
1911 7 15
337918 12 20
2228 10 23
7459 1 21
2265 6 4
39551 10 1
2051 5 14
78392 8 21
2056 7 24
228204 7 21
2214 9 9
31533 12 26
2010 5 24
292523 6 27
2179 5 17
113594 5 23
1945 6 28
24679 7 8
1971 6 23
284085 1 28
2238 6 23
81397 11 22
2070 7 29
192789 3 28
2172 1 19
185375 9 11
1915 5 10
169448 5 15
2248 3 12
296636 6 16
2257 10 27
291200 3 21
1905 1 9
281757 12 22
2165 6 17
260702 8 23
1951 2 21
173722 8 22
2260 10 19
201088 9 4
2251 11 22
152100 1 25
2109 7 13
199604 1 1
2136 3 12
96666 4 19
2215 8 15
262201 11 16
2178 10 13
231396 1 1
1946 12 7
163415 3 24
2101 6 7
133573 12 1
2251 3 14
178399 12 14
2234 8 23
394311 12 14
1946 12 5
63423 5 29
1906 7 29
112547 4 12
2292 2 3
276393 11 14
1909 9 6
380055 9 29
1946 10 1
116088 4 27
2002 3 12
62573 8 22
2219 12 28
263803 11 4
2173 12 28
58475 1 18
2151 3 22
205857 2 26
2036 5 12
241259 9 2
1996 3 14
75909 12 21
2201 8 24
343323 4 21
2163 10 23
5410 4 29
1966 3 12
252620 3 22
2138 11 7
349277 5 4
2249 2 24
296057 4 26
2240 6 29
104872 10 5
2166 7 2
241712 2 1
1938 1 13
187769 6 4
1980 11 16
271940 10 4
2044 6 29
167932 4 1
2040 9 6
94866 10 20
2072 12 1
228096 4 14
2287 10 8
122154 6 15
2262 10 3
384627 3 4
2024 5 28
117219 11 29
1933 8 3
129815 5 10
1903 10 7
334661 5 5
1918 3 1
307814 7 20
1972 8 1
97458 1 29
2215 10 9
267156 1 16
2112 5 11
299493 3 9
1939 4 19
372212 5 8
2248 9 22
128974 3 25
1947 6 12
339889 2 26
2061 11 26
293830 10 11
2085 10 2
274568 4 28
2110 8 23
110919 6 19
2051 1 1
138955 11 7
1976 6 8
291252 1 29
2003 12 4
147047 10 13
2229 5 17
251297 7 6
2260 3 3
303192 8 26
2100 3 22
119925 6 26
2217 8 3
149984 12 13
2173 5 30
97073 4 18
2277 8 14
347019 12 29
2273 6 17
174332 6 9
2123 3 2
42534 1 27
1936 9 23
393483 7 4
2247 2 8
60854 11 2
1926 9 13
171683 4 21
2114 9 15
101236 5 9
2032 1 12
362894 5 6
2211 5 22
389205 1 12
2143 2 18
307912 3 11
2224 10 20
174970 4 1
2030 8 28
324799 3 19
1910 5 29
13943 4 26
2241 3 22
92763 12 13
2088 7 21
306094 12 25
2072 3 2
183715 11 14
2182 5 14
318504 10 21
1964 11 2
172165 9 3
1919 4 16
383000 9 17
2172 3 11
196762 11 17
2211 4 25
279623 11 12
2112 4 20
238900 4 18
1973 4 21
29062 5 5
2042 9 19
218317 12 1
1905 2 6
59640 12 18
1906 7 20
10359 12 27
2241 8 26
243042 3 27
2005 10 25
278039 7 30
1948 9 26
318343 7 10
2277 8 3
80992 10 3
2053 3 30
133969 11 13
2098 5 7
143105 8 1
2043 1 4
196118 2 20
2238 11 14
52085 9 2
2230 7 7
205045 10 10
2034 9 14
111162 9 16
2038 1 3
183476 5 7
2225 8 24
144198 5 10
2178 4 22
93662 2 2
1980 2 26
251520 2 2
2102 6 14
138432 7 14
1927 2 3
136044 12 17
2148 11 14
238008 11 21
1987 11 23
394902 5 4
2269 7 17
217369 7 25
2124 8 29
371513 3 11
2035 10 12
222273 9 3
2299 7 13
197816 6 30
2101 11 8
338334 2 11
1928 10 19
210294 8 4
1902 5 11
239672 9 13
2074 6 4
122496 1 17
2129 12 11
165191 2 30
1986 9 16
117068 7 22
2044 11 19
128724 10 25
2252 2 11
307866 9 4
2212 8 5
86273 11 27
2126 8 27
242175 6 5
2183 4 18
320680 7 2
1962 4 27
321589 5 29
1955 10 14
345118 1 17
1922 8 20
269049 2 2
1997 9 19
356062 7 8
2138 2 27
253529 10 13
2249 4 12
346208 7 23
2140 6 16
255848 4 21
2094 3 1
71095 11 19
2124 1 11
110472 4 5
1900 8 19
167388 5 3
1958 11 3
120015 4 30
2134 8 28
334292 9 14
2133 1 21
228469 11 23
1936 9 15
365184 12 18
2100 5 11
224029 7 17
2170 5 5
179419 1 10
2099 1 29
109588 8 6
2121 7 22
127473 2 4
2109 7 29
397837 3 23
2110 12 5
175764 4 5
2155 7 7
144568 12 23
2163 12 5
134138 5 7
2059 6 1
402065 11 30
1934 9 17
118740 9 1
2087 5 17
358660 3 7
2025 2 10
136640 7 5
2286 10 14
238623 11 9
2010 1 17
264760 1 20
2004 12 7
289314 10 26
2195 9 28
176335 10 17
2186 12 26
297194 3 4
2197 6 6
236864 11 13
2142 2 29
121820 2 6
1933 2 15
271755 12 8
2280 10 24
172554 5 8
1927 3 26
326335 5 2
2178 4 4
72327 3 7
2204 5 14
62191 9 17
2257 2 5
197546 2 17
2198 2 22
307268 9 15
1991 1 27
196715 9 13
2278 8 5
378147 1 12
2274 7 23
131865 7 25
2250 11 18
115998 6 7
2130 12 25
62598 1 27
1991 8 9
135431 2 5
2083 4 10
357518 6 24
2122 11 2
364015 3 14
2115 12 26
164228 10 23
2046 2 29
197983 1 14
2033 2 1
355662 9 11
2128 10 4
63730 5 15
2080 4 9
146149 4 26
2101 4 21
137988 12 9
2234 10 24
383883 5 21
2123 7 28
217807 12 28
1982 12 1
107280 9 18
1950 1 15
148097 1 28
2237 2 3
316609 2 13
2266 11 25
314901 9 7
2208 1 30
73480 1 15
2073 9 4
286502 1 9
2017 9 22
279506 2 6
1927 4 30
89431 6 10
2180 7 15
92834 5 3
2266 8 4
224696 2 12
2224 1 24
327316 11 7
2002 1 1
356416 10 17
2031 3 26
166035 12 27
2006 11 13
197865 11 15
2016 6 3
380885 2 13
2134 5 3
88104 10 7
1909 6 27
356319 4 17
2273 2 19
401353 12 15
2233 11 21
213478 11 9
1966 8 11
373113 6 7
2149 3 3
62514 11 1
2224 1 25
30822 5 6
1910 12 20
342265 1 17
1910 3 12
148672 6 6
2014 11 11
319056 2 15
2289 11 5
53189 1 26
1912 3 28
156640 11 19
2279 9 19
237099 8 3
2004 10 2
362694 4 14
2091 7 27
239121 12 27
2231 6 13
137417 8 11
2240 6 2
290525 3 5
2118 10 23
235332 5 23
2138 4 21
169167 6 22
1930 2 21
109961 4 11
2004 10 15
232381 1 18
2073 8 8
199452 1 22
1931 12 21
202226 4 12
2179 8 1
195371 1 18
2103 12 27
251212 9 22
2207 6 12
120065 11 11
2090 2 21
386677 5 19
2002 8 26
397837 4 2
2215 3 26
169472 10 12
2088 8 24
350590 3 25
2129 7 7
15273 7 28
2113 9 5
158096 11 6
2099 6 23
316587 8 7
2157 9 16
290828 10 27
1944 11 24
9604 6 16
2259 10 3
225179 3 26
2287 6 13
326252 8 2
1924 11 11
39812 11 20
2123 8 12
3079 12 24
2064 8 29
154791 11 22
2159 2 30
73625 6 13
2155 6 22
281550 2 6
2009 5 17
365172 5 23
2008 2 16
294779 12 24
2211 2 15
62707 11 8
2215 10 6
231981 6 25
2270 4 7
375311 11 22
2275 10 15
147125 9 3
2298 4 10
11106 10 25
2209 10 13
188461 12 30
2094 2 12
395366 12 27
2154 1 27
242782 1 17
2203 10 29
266501 1 24
2052 6 28
90086 8 23
2002 9 30
148543 9 23
2148 6 27
194643 9 17
2070 4 24
201227 9 17
1904 10 4
145577 6 17
2087 2 29
321848 7 7
2086 3 15
239913 11 11
2154 10 6
132032 8 13
2291 9 3
92428 11 4
2173 10 11
98556 3 10
1946 4 26
282289 3 20
2032 4 26
266934 2 9
2128 12 1
341520 6 5
2128 12 10
184679 7 13
2224 3 26
7633 9 10
1903 3 19
170139 4 15
2134 2 29
389218 3 7
2206 5 15
364564 5 21
2200 6 22
264577 1 5
2249 6 26
347027 1 14
2293 2 5
381070 1 24
2000 8 18
11866 4 15
2059 12 20
219055 8 16
2063 2 11
314069 12 2
2161 2 10
83078 10 29
1925 6 29
131469 3 6
2082 11 22
136431 4 16
2044 8 20
38970 12 25
2036 4 17
312046 8 9
2149 3 7
196375 1 5
2138 8 22
64768 7 3
2031 4 26
375453 8 23
2139 3 7
5284 4 28
1986 6 16
86208 3 15
2223 12 27
336843 6 28
2157 11 12
359248 5 12
2045 8 13
220203 12 19
2158 11 7
335370 5 13
1907 7 3
346359 12 7
2013 2 2
123338 8 23
2124 2 2
15730 11 16
2077 2 5
185425 1 13
2075 12 22
280067 10 14
1913 3 7
167067 4 25
2140 3 4
135147 7 14
2126 3 23
100218 4 5
2150 6 7
32274 6 29
2298 10 18
257419 12 7
2039 7 20
235587 6 5
2096 2 11
399833 12 29
2001 9 19
89848 11 8
2037 10 14
109042 4 21
2184 9 8
129814 9 13
2216 9 13
259245 11 8
2082 11 24
44272 11 28
1972 2 10
211537 3 3
2289 11 30
326925 4 11
2249 4 30
367734 10 24
2025 4 5
40812 10 18
2279 11 27
90471 4 18
2224 7 25
43270 7 29
2299 2 23
116836 9 10
2011 2 21
262516 5 15
2287 8 9
185009 3 24
2014 3 28
81291 9 9
1907 11 29
209863 10 29
2172 2 8
241167 2 10
1999 12 14
126557 7 7
2114 4 9
397113 9 18
2228 12 15
167666 6 4
1922 1 21
45220 5 19
1973 8 20
321180 11 10
2140 5 9
271394 10 20
2273 9 22
281412 8 7
1973 6 27
64288 2 5
1908 2 20
198915 11 27
2069 6 3
68197 2 24
2019 8 8
77602 11 28
1977 1 19
98772 12 20
2157 9 29
178361 3 4
2011 9 16
101913 10 9
2156 10 12
111811 7 14
2279 5 17
358768 12 13
1900 11 8
24272 9 10
2143 7 13
50134 5 28
2048 7 18
123170 2 11
2133 10 4
221593 11 4
2151 4 11
262394 5 16
1998 5 20
146554 9 4
1960 1 22
331872 2 13
2241 9 22
92291 4 4
2239 8 5
371538 3 15
2015 9 13
122314 9 16
2065 4 16
298507 3 11
2265 10 30
358896 8 29
2277 10 5
319637 2 1
2161 6 26
241744 1 12
2073 12 5
281211 9 24
2142 5 26
364502 9 26
1944 10 5
181742 3 15
1955 7 30
104030 8 3
2139 1 3
48637 8 23
2005 1 12
289209 2 4
1967 2 14
251335 10 7
2275 3 21
190959 1 27
2295 6 8
373083 7 9
2024 1 17
383388 1 6
2151 3 7
185929 2 24
2132 6 24
325852 3 23
2272 9 3
30271 9 27
1904 12 6
97310 10 9
2020 6 2
206499 6 2
2062 8 4
288639 1 20
2286 1 11
75372 11 29
1958 10 22
323282 11 7
2242 3 13
252351 2 11
2264 7 18
369735 11 29
2239 11 29
299999 7 16
2101 6 21
156014 5 26
2187 5 6
191304 5 19
1961 8 7
366651 4 22
2123 7 1
197468 11 8
1903 3 30
243528 9 10
2063 7 23
315392 5 11
2258 11 19
398554 10 22
2006 6 7
220714 6 25
2166 10 10
131683 6 20
1907 7 28
206304 10 1
2126 1 14
49415 8 21
2268 12 10
203566 8 26
2210 8 26
322945 1 10
2084 8 6
21477 9 2
2232 9 19
367141 6 24
1972 4 19
319564 9 23
2152 3 23
28259 11 29
2250 5 4
86639 4 5
1995 3 29
315009 12 9
2025 12 2
72922 11 15
1961 3 8
397873 1 20
2220 6 14
324986 12 4
2019 5 9
58573 9 18
2230 5 5
328238 10 10
2013 6 24
77336 11 18
2040 4 2
276304 2 22
2197 1 13
333148 6 9
2280 3 2
257305 12 29
2086 1 22
66570 11 24
2234 11 9
222931 11 6
1973 5 13
240401 3 21
2059 5 21
229461 1 25
1953 7 8
276242 3 22
2149 3 13
352476 1 13
1914 10 10
384333 1 28
2170 2 21
267820 6 17
2180 10 28
73065 2 5
2102 1 28
173713 1 21
2088 7 9
224746 4 30
1932 10 28
296458 7 23
2157 10 9
53203 11 28
2143 5 20
272428 12 12
1962 11 27
267253 4 8
2132 8 8
30559 8 23
2250 10 26
150019 10 14
2026 5 7
183716 7 18
2027 9 26
383195 10 4
2251 6 18
87527 12 8
2141 1 19
227064 7 1
2165 12 8
66231 6 2
2288 8 23
260728 2 14
1909 8 9
85346 10 5
2273 3 22
322992 6 22
2082 8 15
308598 8 29
2122 4 4
131516 10 3
2071 5 10
332477 10 13
1944 3 30
322084 10 2
2013 11 16
147997 8 15
2021 9 8
359328 4 1
2198 7 19
142218 9 17
2036 8 4
233105 6 11
2074 11 21
197551 12 22
2287 10 4
401856 10 25
2208 3 10
363494 12 8
1912 4 12
304376 10 1
1993 2 8
106973 8 24
2245 4 17
173290 3 24
2020 3 7
124560 4 6
2053 8 25
146626 2 24
1979 3 27
338584 5 11
2058 11 20
346570 12 14
2269 11 18
280679 9 5
2196 10 11
237605 8 27
2195 8 28
56917 4 17
2236 7 26
319382 2 28
2075 4 10
151873 1 24
2206 9 27
309310 6 17
2279 1 4
23919 11 14
2087 11 22
390909 1 24
2101 7 12
93421 10 13
2179 7 28
56276 5 2
1969 5 4
106154 8 22
2112 12 15
194627 3 3
2073 8 27
165190 4 20
2075 5 10
144288 7 27
2220 12 29
285912 4 12
1911 7 21
218070 10 26
2258 5 15
266889 6 18
2079 1 21
352692 5 20
2165 10 12
296454 3 27
1920 4 5
369439 12 3
2264 5 13
330480 8 16
2117 9 21
232742 2 22
2029 3 17
299331 11 5
2126 4 6
303881 5 28
2104 2 14
52787 3 5
1908 2 9
43347 12 14
2117 6 15
72875 12 15
2122 6 7
89819 2 22
2176 8 7
314113 5 15
2154 12 11
270875 11 9
2015 1 20
191950 3 12
2299 10 10
47954 4 22
2129 9 25
179162 10 23
2015 2 25
234587 5 2
1955 5 4
56250 7 21
2020 8 5
298200 9 5
2085 4 12
228994 7 2
2089 6 20
230447 2 22
2227 11 11
356202 10 29
1988 9 30
402678 6 20
2207 2 29
104418 3 6
2117 9 26
386412 9 19
2139 12 14
190318 3 15
2212 2 20
252030 5 13
1927 11 1
267150 4 25
2152 3 7
337720 3 18
2112 8 12
266521 1 24
2234 10 19
107543 6 15
2069 2 5
256495 2 30
2245 12 11
357697 5 11
2009 10 18
277780 2 4
1981 5 24
290629 7 4
2130 6 19
185154 1 26
1913 2 20
168844 9 26
2003 1 5
165018 6 25
2154 5 7
36101 7 1
2043 3 12
312839 10 23
2034 5 20
92754 5 9
2276 11 12
76212 2 8
2232 9 4
53701 7 12
2149 4 7
337833 8 26
1985 5 18
390053 9 25
2295 9 16
179498 6 3
2050 11 6
261207 11 16
2250 4 4
63119 8 11
1904 9 25
379146 8 27
1900 1 25
96816 6 23
2226 8 20
325811 8 20
1922 11 1
375238 12 9
2005 11 30
344453 3 19
2089 12 26
366139 7 28
2221 9 3
314277 6 11
2145 4 13
33234 1 16
2196 12 28
282386 1 23
2019 9 20
122009 6 4
2185 8 1
41510 7 5
2299 9 18
51584 3 16
2118 6 26
270904 4 12
2206 7 25
171350 10 2
1924 10 20
186084 4 13
2138 1 18
392920 4 24
2015 6 16
289773 12 26
2108 10 10
25006 11 17
2042 7 21
141868 12 4
2015 1 1
225145 9 1
2052 2 7
204678 3 17
1985 11 29
67649 12 14
1977 7 10
338901 10 28
1914 10 15
17861 8 24
2157 4 13
231769 12 5
2153 12 26
104439 8 22
2188 10 24
240903 1 23
2038 2 26
309286 4 10
2052 1 10
290297 11 6
2233 3 2
99413 1 10
1903 9 18
116159 6 14
2222 8 20
349825 9 12
2037 1 11
263988 6 1
2012 1 13
216934 12 16
2125 3 9
389487 11 9
2117 3 30
136486 11 19
1978 4 5
262877 5 6
2028 10 3
280510 5 22
2155 5 4
198602 9 22
2161 4 10
314190 5 28
2155 12 13
398883 9 7
2220 1 11
87269 7 29
1973 4 29
35339 4 10
2155 6 3
275167 5 14
1905 1 22
54476 3 18
2035 4 10
82268 12 10
2241 10 12
38051 2 6
2081 9 10
93687 7 20
2088 9 21
108298 4 9
1997 1 24
102708 9 29
1939 10 28
266542 12 16
2170 8 27
17348 5 7
2125 5 19
16861 5 6
2290 12 4
268254 11 18
2014 12 20
53914 12 30
2138 9 12
364504 12 2
2147 5 6
205001 12 4
2011 4 26
290827 9 14
1979 6 17
218407 8 15
1987 3 27
384468 1 27
2099 9 26
326935 11 13
2019 3 12
15873 3 2
2082 6 28
255681 5 17
1991 7 20
330275 10 5
1969 2 7
101068 11 10
2272 10 20
190383 11 22
1960 6 2
249031 2 22
1937 7 4
74076 8 20
2258 8 13
400445 12 20
2203 3 9
289818 7 10
1940 3 8
10875 5 27
2297 9 17
30570 6 12
1923 9 6
64870 1 9
1962 2 4
54086 2 30
1945 11 22
88465 12 11
2171 8 5
221908 9 16
2293 6 25
321855 9 28
2221 3 28
82440 11 5
1970 1 20
286395 12 16
2055 3 25
227709 10 22
2099 4 16
357063 3 21
2094 4 22
50173 3 5
2250 3 29
74110 4 13
2036 8 18
33166 7 10
2067 3 1
161080 10 21
2239 12 24
292475 10 22
2127 12 19
392255 6 28
2085 12 13
110234 1 5
2071 5 2
342014 11 30
2053 2 24
153813 8 14
2037 11 11
398547 5 21
2077 8 12
373226 4 10
2070 6 8
83091 6 16
2203 7 25
340620 12 14
1910 11 5
147887 9 19
1973 4 24
294860 7 19
2187 8 16
203716 8 27
2150 8 1
150087 3 7
2237 6 21
6074 11 1
2044 6 30
335953 4 6
2031 4 25
177159 10 19
2173 9 10
243114 4 2
2024 4 3
17076 1 8
2133 6 7
8538 3 6
2133 9 12
34515 4 6
2014 5 9
332349 12 5
2079 8 22
12364 1 8
2094 5 5
130080 12 10
2019 12 2
133842 11 17
2116 3 17
137415 11 17
2092 9 25
167259 7 2
1920 2 10
231553 1 5
2162 1 9
191713 2 4
2229 6 10
287997 10 22
2230 8 6
176784 4 1
2110 2 16
256281 4 28
2021 7 27
63731 2 19
2142 2 10
213799 11 14
2096 4 9
52873 6 22
2052 5 13
310063 1 4
2245 2 11
361174 11 29
2069 2 21
224045 1 8
2224 6 7
293122 2 13
2185 7 17
267241 10 26
1987 3 18
165104 4 7
2146 9 30
301123 3 9
1948 4 26
160805 6 19
1902 1 19
40007 4 24
2180 3 29
315822 3 13
2243 9 29
138619 5 4
1964 1 29
192081 7 17
2192 7 29
303674 12 20
2044 12 27
242183 12 26
2181 3 5
390264 10 20
2163 4 8
128652 1 2
2262 6 16
41256 12 28
1964 7 29
339438 7 28
2157 12 27
286580 4 18
1999 6 13
337097 9 9
2034 11 9
31706 10 28
2267 11 13
373270 1 15
1990 4 25
160178 12 11
2232 9 8
60988 1 13
2021 9 10
107642 2 11
1959 8 9
371264 4 28
2151 8 18
175273 1 2
2002 12 21
254551 9 28
1974 2 8
49082 2 17
2018 4 23
122605 3 19
2258 10 7
278351 6 21
2187 11 9
369984 1 17
2008 1 28
78499 4 19
2014 9 4
30960 7 22
2038 5 9
187401 6 8
2238 4 30
375938 9 14
1974 4 4
126287 6 28
1950 12 1
357863 3 11
2194 6 13
91877 4 30
2109 11 24
396827 10 19
2103 4 28
127062 2 22
1952 7 8
22366 10 18
1912 1 7
203994 9 30
1958 8 10
235744 9 13
2067 6 27
37019 6 20
1915 11 13
13542 7 14
2014 12 6
226250 5 2
2047 12 22
54847 10 1
2251 5 7
63602 6 17
2199 7 4
265161 6 28
2014 3 4
346793 11 10
2041 3 22
23766 5 3
2140 8 20
354118 10 25
2153 2 26
146803 4 12
2219 7 25
246943 2 7
2051 6 24
335974 6 10
2037 10 8
119755 2 8
2092 2 10
73119 12 23
2286 1 24
343126 2 26
2277 10 11
172759 7 3
2047 7 13
96839 1 22
1971 8 9
163488 9 4
2025 9 25
84113 4 9
2270 7 9
163114 7 24
2065 5 18
65429 2 26
2049 10 16
70480 10 16
2242 4 13
40111 6 13
1952 3 15
312251 8 13
2016 2 17
356220 5 13
1978 8 27
148308 4 4
1945 10 28
216131 11 15
2290 8 2
133833 5 18
1906 7 22
298128 1 15
1969 5 25
218113 10 28
2146 12 27
390424 9 4
2000 10 25
382065 4 7
2271 9 21
230809 5 25
2278 12 1
288154 5 3
2182 2 20
221120 7 16
2288 7 14
106644 4 23
1999 6 11
58530 10 18
1976 8 25
35693 7 13
2153 1 17
379470 8 29
2051 4 25
398490 7 26
2082 3 1
98263 12 27
2190 2 27
380876 2 14
1945 6 28
272016 6 7
2268 9 25
316835 12 18
2156 11 25
124939 8 4
2259 2 24
185631 4 24
2201 12 9
379758 8 13
2174 5 7
52497 10 10
2077 12 18
263126 11 25
1937 12 28
75411 7 10
2107 5 6
310071 8 6
2043 11 26
105212 9 13
2031 8 19
22898 1 4
1938 12 7
192494 6 22
2262 1 6
383623 9 4
2257 2 11
120870 5 23
2186 9 12
169752 10 14
2253 6 8
75401 9 11
2125 2 2
357671 1 18
2169 1 14
382161 10 10
2173 12 24
152561 7 5
1986 6 10
320234 12 6
1999 10 30
305455 11 26
1907 7 30
78760 4 10
2109 5 28
58987 4 20
2147 11 19
241778 7 27
2004 2 1
29757 7 14
1961 5 8
95737 12 18
2047 5 23
255931 6 21
2282 10 14
249487 4 24
2105 4 16
101680 1 23
2096 10 20
398559 11 18
1990 9 13
154476 3 28
2141 6 7
175826 8 19
1941 12 21
375942 6 28
2158 11 24
311840 6 11
1953 5 26
358551 10 21
2188 8 1
370850 6 22
2112 9 16
237379 1 18
2186 6 6
176105 2 6
2221 12 7
401016 11 6
2291 11 19
376774 3 5
2136 11 4
56545 4 5
1918 2 20
218593 6 26
2054 7 1
165785 1 22
2250 8 5
45034 10 26
1902 4 20
77724 12 7
2223 5 5
118593 1 10
2136 5 2
256549 2 16
2114 6 6
339466 1 28
2090 4 21
86069 5 7
2297 1 17
151179 10 22
2188 9 9
83898 4 9
2010 7 26
182908 9 3
2180 5 24
101247 12 17
1995 6 18
248078 7 6
2268 8 30
269438 5 11
2102 11 29
62698 3 17
2242 6 26
313494 11 12
1960 6 3
47037 9 28
2070 1 11
128003 1 27
1914 6 20
281661 11 30
2239 1 23
72474 10 21
1967 3 10
309431 8 30
2013 2 17
220599 9 20
2219 5 25
120737 9 8
2062 9 6
151474 5 7
2235 6 10
313678 4 28
1905 5 1
234795 9 22
2242 2 12
277898 5 4
2228 4 14
229062 3 28
2112 6 24
11032 11 15
2251 2 11
76688 11 24
2036 3 5
40638 1 27
1953 3 2
85663 6 9
2007 9 19
292978 12 2
2145 11 11
138707 10 10
2114 1 12
307040 10 13
2195 12 9
196564 9 26
2018 9 29
214690 3 9
2219 9 9
367732 10 29
2223 11 8
177664 8 19
2208 4 28
264902 8 26
2071 8 11
291073 2 28
2134 9 9
349668 5 16
2208 5 18
236999 8 17
2088 8 14
20857 6 5
2032 3 1
81791 11 1
1991 11 2
109079 12 4
2225 1 4
395174 4 5
1982 4 27
287237 4 24
2006 2 8
159368 7 10
1916 5 21
289767 1 6
2102 7 17
245542 8 3
2239 4 9
203093 9 9
2171 5 6
7568 9 8
1999 8 19
309984 7 15
1992 10 20
90188 4 8
2051 11 24
235371 4 21
1913 8 14
110735 9 25
2148 2 9
214505 10 21
1997 5 7
375445 2 15
1943 1 10
209238 2 11
2260 10 29
352953 7 22
2013 4 10
164645 2 7
2015 11 23
118100 1 12
1900 11 29
31785 2 30
1938 8 16
85685 12 11
2232 6 20
318679 9 8
1930 8 1
186004 7 13
2230 11 5
62017 7 15
1998 7 5
222768 1 13
2296 7 29
171344 2 15
2228 7 21
83934 1 5
1971 6 21
73332 10 20
1936 1 8
366090 1 1
2229 8 9
398320 6 12
2036 3 15
282198 7 5
2089 3 2
287150 6 3
2122 5 29
357195 6 8
1989 1 17
70976 7 23
2213 5 5
184167 4 20
1953 9 16
220522 10 23
1981 9 23
18139 9 21
1945 7 13
59123 3 20
1989 10 11
78329 10 23
2208 10 24
234849 1 22
2125 1 20
177601 1 10
2015 11 7
238888 5 11
2197 1 2
51731 11 6
2272 8 6
325891 11 16
1936 7 15
13980 8 20
2087 4 6
153473 2 13
1945 1 10
106552 2 1
2089 6 6
172615 7 28
2044 3 24
195478 3 19
2254 1 30
272011 8 9
1922 9 26
362547 10 20
2029 6 5
257686 4 6
2107 11 28
351618 4 24
1999 6 20
146091 6 3
2049 4 22
87998 5 18
2163 2 12
221125 2 19
2026 12 18
75298 3 4
2242 10 28
39144 8 12
2256 11 15
260567 1 11
1981 12 3
167341 2 19
2257 3 12
73850 3 23
1984 1 14
56333 4 16
2094 11 30
212096 7 14
2285 4 1
224942 7 21
1991 10 14
83272 9 2
2054 9 24
134154 6 14
1982 10 27
105681 9 24
2078 1 6
291603 1 18
2164 7 15
101651 2 24
2268 2 5
235552 4 5
1905 6 19
178137 9 20
2133 2 6
158235 9 5
2225 4 17
106156 11 27
2096 9 1
99817 4 27
2229 9 27
253899 5 26
2075 11 13
229312 10 24
2199 4 27
391740 6 24
2210 4 9
169849 1 1
1910 6 27
208744 1 6
2132 9 7
85696 9 10
1942 7 9
317543 6 8
2018 1 4
176574 9 2
1948 5 13
174103 8 1
2244 1 4
107641 10 8
2181 6 12
60942 10 2
2116 12 3
392237 3 17
2284 12 21
14379 7 9
2014 7 1
329995 12 29
1997 5 1
77771 2 10
2029 10 15
367566 3 23
2049 10 13
204369 5 19
2112 6 19
19489 11 26
2000 6 17
402581 11 15
2128 11 3
172766 4 28
2264 10 14
202751 11 29
2277 1 13
66310 2 23
1920 1 18
271728 11 5
2278 1 2
263686 7 28
2264 6 29
209120 2 27
2032 1 17
249822 6 7
2017 12 6
394595 1 1
2092 8 3
351501 12 19
2248 12 25
48520 12 30
1925 9 9
59698 2 21
1941 5 12
352752 11 2
2020 3 26
90841 8 5
2150 12 30
210373 6 30
2226 12 13
106258 5 29
2008 6 15
69071 7 21
2208 3 22
13069 3 29
2248 6 13
401706 10 21
2179 2 4
113912 12 22
1994 5 16
287035 10 8
2006 8 28
391657 10 25
1986 3 13
18550 6 2
2119 4 10
173783 8 24
2186 12 6
219177 10 12
2030 2 19
309877 3 15
1921 8 8
401717 8 26
2020 7 12
41127 5 7
1968 10 10
376060 1 16
2108 4 16
155854 12 30
2218 12 16
54365 12 22
2262 4 20
90626 6 15
2055 8 29
87040 12 10
2174 1 4
327256 2 24
2120 6 2
401335 4 20
2084 9 18
170341 6 6
1994 10 4
310847 8 7
1934 8 18
375157 6 26
1921 10 5
175559 7 2
2210 2 13
183301 7 3
2261 4 11
369808 12 18
1949 6 22
114815 1 1
2158 4 3
250335 11 5
1981 6 20
345612 3 16
1936 12 2
160066 9 2
2252 11 27
364956 1 23
1947 5 20
239311 2 30
2151 4 1
260614 6 26
1919 3 2
350429 9 10
2125 4 10
57723 9 24
2251 6 21
48980 11 16
2033 3 1
307291 6 30
2013 6 7
199959 11 6
1960 11 18
334586 4 2
2195 1 16
58717 6 8
2270 10 29
184488 7 22
2195 12 4
363323 5 6
2205 1 24
235349 7 13
2105 3 14
332766 3 13
2116 7 22
301714 6 8
2206 11 10
256319 7 1
2164 3 14
370011 2 19
2196 7 11
224660 1 14
2020 1 3
44361 9 28
2086 3 1
276022 4 16
2167 2 12
296349 8 12
2085 2 5
36706 2 23
1957 9 11
104044 7 22
1945 2 29
114056 6 19
1966 12 7
139083 5 21
1911 12 30
63444 2 20
1995 5 1
207763 1 7
1926 10 2
341775 10 24
2127 10 10
145349 1 23
2107 7 25
223120 2 26
2151 1 21
298643 2 8
2095 8 22
205545 5 21
2191 10 19
280220 7 24
2124 4 11
192605 11 17
2188 11 19
393558 3 9
2112 2 17
60283 3 29
2279 10 17
315464 2 26
1991 8 25
272963 11 23
1932 4 22
64126 9 13
2178 4 7
294215 11 21
2261 6 26
88538 8 19
2218 7 27
192996 4 9
2094 3 4
187435 8 24
2072 9 29
115706 7 14
2102 11 21
114726 10 27
2197 6 28
177160 7 10
2077 9 2
151170 9 27
2225 10 5
253301 9 12
1960 4 2
58780 2 24
2281 2 3
97911 11 7
2146 10 23
281374 4 11
2263 11 26
213712 1 6
2013 4 6
173848 8 12
1958 12 29
68442 5 1
1908 8 14
261284 4 22
2134 9 11
312859 6 9
2206 3 11
362783 5 15
1972 10 4
15724 6 16
1948 7 18
261074 3 16
2153 10 8
58822 3 17
1983 10 23
248798 10 2
1968 11 24
35811 5 17
2025 12 27
387269 6 23
1913 5 3
216463 8 1
2105 7 20
173099 11 18
1902 3 1
333471 3 1
2206 6 1
61134 7 12
2062 2 30
397084 10 20
2078 9 13
286854 9 18
2140 8 21
255604 10 10
2025 11 2
76839 12 9
2072 3 16
298745 1 27
2083 12 15
152568 5 28
1980 3 10
5246 11 5
1949 5 25
190235 11 20
1901 11 17
80073 7 15
1953 2 4
324850 1 19
2091 6 14
77828 10 6
2228 6 29
60682 6 20
2268 11 27
136025 1 10
2270 10 26
23265 6 13
2295 9 15
267973 11 13
2234 10 23
393602 7 29
1930 9 25
92457 5 9
2133 12 16
258241 9 8
2240 10 24
234874 9 6
2059 9 6
171192 2 10
1980 5 12
282604 2 7
2248 9 4
10925 9 16
2239 2 10
83285 7 4
1983 8 13
30013 10 17
1914 5 5
68402 3 24
2162 12 21
378429 3 5
1966 9 14
247496 1 3
2260 8 18
29084 9 9
2043 10 13
381447 10 29
2137 9 6
92012 2 22
2242 9 7
192535 9 12
2269 11 8
380009 5 16
1993 1 4
154227 9 5
2274 7 26
333779 2 24
2178 8 21
252174 2 8
2035 3 21
37880 9 30
2218 5 1
200908 12 15
2115 3 30
247031 9 1
2039 4 25
185634 8 15
2290 9 17
54552 2 26
1972 7 22
27516 2 30
1906 7 5
152626 3 6
2046 12 22
152262 7 29
2071 11 15
345403 12 11
1977 5 29
217671 11 12
2130 1 13
163055 11 24
2004 2 29
397322 8 3
2291 2 15
381828 3 15
1952 11 13
366225 8 17
2010 12 17
141041 5 7
2025 10 20
321818 2 14
2221 11 17
149171 4 29
2098 6 23
174701 10 11
2154 10 30
195530 10 18
2258 11 18
38361 7 3
1922 1 14
267451 10 5
1996 4 26
26291 11 16
2186 12 6
341777 12 11
1953 12 5
301956 7 6
2196 11 18
94320 8 5
1995 9 25
164068 5 27
2050 10 4
81856 3 17
2178 9 11
12607 7 1
1933 9 2
289799 4 15
2078 11 1
54072 9 30
2116 5 29
336465 3 18
2201 4 4
9882 5 1
1929 7 10
301002 2 5
2116 6 11
253811 8 17
2296 6 1
222753 2 16
2057 3 21
376642 12 17
1988 6 2
163634 10 6
2041 11 12
22956 12 23
2266 12 9
383466 6 19
2082 5 15
211565 11 11
2143 2 1
273424 5 30
2254 12 24
272520 3 13
2055 6 26
131212 8 13
2151 3 17
175789 4 11
2205 1 12
147773 8 8
1939 9 12
395586 11 23
2078 6 22
193457 1 9
2111 3 10
48805 4 19
1911 7 1
278976 11 9
2291 3 25
264754 1 20
2264 9 28
2847 10 28
2047 8 12
3187 5 15
2010 7 26
337466 10 2
2209 3 9
228273 2 22
2221 6 12
125289 3 29
2129 9 8
52741 9 16
2152 11 6
275323 2 8
2237 3 7
22010 7 5
2229 3 23
196371 9 3
2103 4 27
297145 1 27
2061 5 23
222583 2 2
2299 12 4
190728 7 1
2065 4 1
281451 7 26
2102 8 3
211771 2 23
2226 8 23
206536 1 16
2286 6 13
232600 8 24
1909 5 7
23143 8 22
2125 3 27
8835 1 9
2204 8 18
183120 7 29
2173 8 9
275434 12 18
2084 11 18
128366 5 24
1973 11 7
276907 8 13
2004 5 29
162859 1 7
2003 8 8
215227 7 29
2101 1 19
368050 9 13
1914 7 10
186799 3 20
1992 1 25
123176 3 10
2107 12 13
396921 9 5
2073 10 27
211175 2 2
1957 7 20
287618 9 9
1936 8 27
345036 1 28
2084 6 22
188634 4 21
1927 3 13
174668 4 3
1963 2 16
9424 3 25
2286 11 6
283744 4 8
2222 9 15
221132 7 10
2037 6 22
217939 9 8
2179 1 6
173700 4 28
2177 8 16
142805 9 17
2131 5 16
33764 3 9
1956 8 28
400874 6 27
2174 11 3
111157 7 12
1976 3 6
84048 12 14
2038 2 4
280365 1 4
2097 8 18
391671 7 14
1914 4 11
251659 10 24
2000 5 12
195808 3 28
1976 10 8
76993 2 10
2204 8 3
83272 7 22
1919 7 6
259230 10 12
2206 9 25
159155 9 4
2265 9 29
234232 2 30
1983 4 2
119643 2 23
1964 3 20
297397 6 21
2247 9 10
365970 9 28
2271 3 9
179766 2 8
1933 4 21
371397 12 13
2249 2 10
145580 5 1
2257 9 29
267034 2 13
2298 5 6
35130 4 29
1967 12 29
215396 5 26
2204 3 8
323552 2 27
1910 10 12
164072 11 9
2295 1 9
271688 4 27
1955 1 11
141866 5 27
1913 5 25
381346 9 12
1960 12 7
328101 6 23
2108 7 16
218136 2 4
2034 9 1
135343 5 16
2058 10 17
56400 12 29
2086 4 28
59892 9 12
2143 8 21
325836 7 17
2170 6 17
329977 12 18
1904 10 13
348201 11 14
2277 8 18
176841 11 28
2036 11 2
234782 3 26
2209 10 21
237988 6 6
1944 1 18
58807 3 23
2054 1 27
84467 8 6
2096 4 21
329061 12 26
2263 9 19
219332 6 15
1968 2 2
89272 11 24
2278 8 21
246758 4 1
2128 2 30
39888 4 14
2256 4 19
123151 9 27
2021 7 20
102369 9 27
2099 9 22
341629 2 14
1933 2 13
346157 1 6
2026 7 4
168203 6 16
2276 12 17
341384 2 26
2226 11 10
352638 8 13
2152 7 15
271114 12 7
2160 5 21
54009 12 15
2284 8 6
383964 12 26
2209 6 23
90624 7 16
2141 2 5
211440 1 6
2000 9 19
197960 8 1
2296 11 27
340406 3 5
2276 4 19
142166 2 8
1950 7 17
268171 10 9
2257 12 21
181499 12 23
2227 5 15
379566 7 16
1984 2 25
89109 3 3
2236 5 11
60259 2 25
2142 6 25
388962 10 21
1919 4 29
292002 10 29
1991 9 10
351571 12 29
2218 7 7
5265 5 26
2009 1 24
136566 9 15
2074 3 5
340108 8 28
2093 6 7
388914 10 19
1936 7 14
288996 11 14
2187 5 27
70966 10 5
2105 11 14
238642 9 24
1972 11 10
201334 8 23
2073 1 21
360334 12 5
1913 9 9
272140 7 1
2066 7 29
67391 8 12
2173 1 18
391355 11 17
1908 10 3
281194 11 15
2083 7 22
311228 5 27
2247 5 4
248116 8 1
2019 12 24
335576 11 19
2153 11 29
37030 7 7
2010 6 8
271622 8 21
2113 5 11
379535 4 6
2052 6 28
154271 7 23
2196 5 6
250315 8 21
2289 2 16
189065 12 27
2150 2 4
22456 11 28
2168 5 26
92566 8 6
2251 11 2
371291 1 8
1993 5 21
344963 4 16
2234 3 13
373389 3 1
2152 3 25
312446 8 8
2011 11 8
104573 7 22
1998 8 2
158690 2 4
2077 2 15
220793 12 23
2278 4 17
78036 2 23
2103 9 30
176075 10 15
2233 6 27
222378 6 18
2143 9 18
307006 12 9
2204 10 6
76310 10 10
2145 8 13
371575 9 25
2110 4 26
201306 1 16
2176 6 6
316666 2 22
2011 8 5
120014 7 2
2003 6 26
245841 5 13
2015 1 28
151315 10 2
1902 7 24
76864 2 27
2204 2 4
14189 12 12
2008 6 3
81777 7 22
1922 3 2
134251 3 27
1955 11 2
88802 5 2
2282 5 28
215291 6 4
2269 8 7
316717 12 5
2063 8 25
315729 7 1
2197 9 19
57569 1 6
2039 5 4
65413 3 5
1990 2 1
401415 4 3
1913 12 11
120890 10 17
1944 6 3
207405 8 7
2187 9 25
210688 12 18
1914 9 29
375072 10 22
2049 10 8
266553 5 24
2054 4 29
317393 1 4
2012 9 28
118915 8 1
2265 7 28
141410 6 17
2042 2 21
144730 6 25
1910 10 9
267573 9 27
2262 5 14
304415 10 27
2112 3 16
77020 9 11
1954 2 1
223152 8 27
2026 4 14
249354 4 25
1924 5 10
219621 3 30
2154 11 2
235690 5 6
2189 4 26
75919 11 12
2232 2 5
399646 10 17
1917 2 3
166136 2 11
1914 9 19
111998 3 8
1953 11 30
326915 7 4
2084 7 6
53086 10 24
2294 4 4
397982 5 1
2225 1 4
249677 9 6
2207 11 4
34824 6 28
1987 1 6
284292 4 12
2206 7 23
227398 12 9
2084 12 3
320107 12 10
2211 12 1
211979 9 4
1912 7 29
363938 5 20
2138 9 8
186343 1 24
2164 7 10
134875 9 23
1989 8 4
264431 5 4
2115 12 30
143325 2 24
2080 9 2
257580 3 2
2104 11 30
88873 7 11
2072 3 24
104798 3 29
2106 9 11
209365 8 8
2089 8 17
173408 1 10
2030 3 28
255521 8 27
2079 4 20
208439 7 14
2226 4 27
273920 7 23
1959 9 22
274901 2 24
1986 3 18
37940 5 21
2222 9 25
102771 3 15
1927 8 26
205749 1 25
2107 5 30
333299 4 15
2147 10 30
152834 7 30
2121 4 28
185215 12 30
2291 6 19
38361 6 3
1930 6 10
159634 2 23
1961 6 8
342031 3 22
1903 8 13
352799 11 4
2158 7 6
351584 1 6
2107 5 23
296262 9 26
1988 3 18
177184 10 24
1950 1 13
237046 8 29
2042 6 18
143621 5 8
1961 2 4
384823 5 13
1929 2 19
396681 6 26
2180 3 24
102479 2 12
2050 1 7
9914 4 25
2249 5 2
300520 5 11
2228 2 10
324769 4 28
2267 9 1
59651 2 27
2219 6 3
74288 2 24
2005 9 4
155734 3 29
2014 1 23
46770 10 3
2182 7 27
163976 8 15
2149 11 25
65145 10 25
1919 8 30
347771 12 15
2072 10 14
123803 6 18
2252 6 15
356107 6 25
2001 3 5
132604 2 25
2134 1 11
115490 3 26
1943 1 22
325162 5 6
2002 4 8
68094 8 24
2046 5 23
279168 12 16
2025 1 9
195021 10 13
2004 5 24
107594 3 14
1905 8 4
380468 1 23
2277 3 15
87692 7 15
2268 12 12
320084 9 3
2141 7 8
105615 9 5
2272 8 10
49010 10 26
1974 4 23
26567 3 25
2188 9 29
156113 8 10
2183 7 17
215823 4 25
2229 3 24
323554 8 3
2049 3 28
334814 9 29
2142 5 15
316247 5 20
2292 7 16
12286 10 4
2055 10 4
216694 4 3
1925 12 21
24732 6 23
2161 3 9
323489 8 18
2076 11 13
26875 5 24
2182 7 9
325175 1 8
2260 9 2
220232 5 19
2264 8 8
346483 2 17
1902 8 9
252136 7 15
2035 7 18
15060 9 20
1905 1 14
52313 2 4
2168 11 20
323936 9 13
2038 4 21
251311 11 27
2230 7 6
375827 4 11
1960 3 3
156491 1 27
2288 11 14
359010 3 6
2042 4 29
287573 8 27
2014 9 19
20685 11 21
2035 10 22
217530 7 17
2277 11 10
192646 9 25
2108 11 24
388283 2 25
2223 6 27
281763 2 8
2200 12 1
164648 4 3
1984 6 23
85385 8 17
2271 11 7
176917 5 1
2149 12 13
298462 2 21
2163 7 27
242176 9 2
2181 4 2
116992 6 11
2175 6 22
82160 1 25
2241 11 27
17962 6 10
2178 2 18
245678 5 13
2274 8 26
43802 3 1
2286 6 9
144056 11 19
2256 4 29
366134 5 5
1943 7 28
88354 1 3
2235 2 18
131106 11 28
2253 12 1
399499 3 27
2041 3 20
176341 3 2
2002 12 30
296956 8 9
1910 4 16
154716 3 4
2284 9 2
226211 5 3
2155 6 17
238212 10 5
1964 4 22
157602 8 10
2292 1 25
45018 8 12
2161 3 18
86699 1 13
2049 10 29
383374 6 10
2169 6 12
42619 3 13
2188 3 22
338844 6 26
2183 9 10
247211 12 25
2112 5 15
111625 2 23
1946 11 28
144319 9 24
2233 2 26
37352 12 8
2219 9 19
72052 9 15
1986 12 29
351046 1 22
2112 9 22
269126 3 18
1969 9 13
246436 8 24
1994 4 29
286186 3 25
2244 3 15
50386 9 13
2195 6 24
10619 2 12
2272 1 12
72513 3 28
2050 1 11
166436 12 15
2098 10 5
123514 11 10
2102 12 11
268154 7 6
2244 1 4
344508 1 3
2022 2 4
181257 7 9
1907 11 16
369244 3 19
2238 2 14
257153 9 29
2269 12 11
236981 2 8
1963 8 25
100860 4 16
2241 6 11
321963 3 29
2145 7 11
384449 1 26
2158 8 8
98321 1 6
1925 7 4
284043 6 8
2254 10 27
284915 12 18
2061 2 17
95103 3 27
2241 11 13
96145 3 28
2192 7 13
147951 8 24
2054 6 20
16970 3 20
2157 8 19
388047 7 29
1935 9 13
67284 3 4
1913 11 14
50235 8 2
1990 10 28
260483 9 18
2238 1 4
231852 5 29
2118 9 21
386270 1 24
2197 9 8
332027 5 9
2046 9 11
92699 4 21
1963 12 12
73417 8 23
2287 10 23
30554 10 12
1945 3 6
185600 6 11
1944 8 27
48869 8 13
2117 12 5
58996 3 23
2090 12 8
233069 3 13
2218 3 8
192292 2 17
1910 9 1
210313 12 23
2087 2 9
392034 7 4
2274 9 11
104020 7 17
2171 1 9
182076 12 19
1917 2 5
214031 1 9
2240 2 1
78851 8 25
1949 5 25
311319 12 29
1953 8 7
82991 11 11
1923 7 10
379676 10 4
2045 7 23
268621 4 26
1996 2 26
40414 4 5
2142 1 7
381291 9 9
1959 7 4
132563 11 28
1912 9 23
168516 10 29
2205 3 10
83621 3 11
2093 2 16
176935 5 11
2145 4 8
291714 8 8
1959 5 26
61921 4 9
2137 11 2
101745 4 18
2023 1 27
283695 4 17
2149 2 21
204926 7 18
2013 8 1
22865 5 26
2244 1 28
294204 12 5
1969 10 19
214750 3 17
1954 8 15
255900 2 30
2163 5 19
17978 3 20
1998 12 24
248825 3 18
1913 8 16
286973 4 3
2204 4 7
340337 5 6
1902 9 5
115301 5 18
2208 9 23
38284 4 23
2298 12 12
25092 7 30
1916 2 28
25678 12 6
2056 2 5
169973 11 23
2041 6 8
375074 2 13
1996 10 12
279593 10 23
2043 3 16
35171 8 3
2160 11 25
181400 10 3
2204 4 16
89011 12 26
2126 1 27
354950 2 10
2095 2 7
384365 2 3
2109 5 25
397298 11 7
2052 6 23
61002 10 11
1923 7 8
157254 11 1
2275 8 30
65201 11 30
2131 9 28
260481 5 27
2050 4 2
306598 12 8
2126 6 19
354455 10 20
2102 11 27
321654 3 6
2022 10 27
238669 12 3
2136 4 22
205358 3 24
2140 6 13
259482 9 1
1997 12 8
203151 7 8
2025 2 2
311923 11 27
2296 3 4
84055 5 9
2225 2 19
120857 10 19
1990 1 3
139225 8 25
2222 5 30
66523 5 14
2000 11 8
393791 3 21
1938 6 13
179332 8 27
2168 12 30
205274 5 16
2249 10 28
396412 4 28
2190 9 19
384199 1 3
2142 10 21
70434 8 4
1957 8 16
350127 8 3
2227 2 17
329035 9 29
2211 2 25
70041 1 27
2255 6 18
392603 5 16
2056 7 27
102217 1 1
1932 11 4
158988 12 22
2066 7 5
8486 8 18
2012 4 4
168026 10 17
2147 6 24
9881 1 27
2026 10 21
107077 2 28
2047 7 17
69932 2 29
2194 1 7
178127 6 15
2262 11 6
73972 12 5
1946 6 13
27193 5 16
2082 9 5
324124 3 12
2222 1 19
237943 11 13
2073 1 1
333529 9 25
2057 11 5
141033 11 7
2185 9 7
260682 11 29
1920 2 29
56423 8 20
1927 9 29
356133 7 14
2280 8 30
331549 1 30
2112 3 5
114678 11 15
1989 12 22
302794 4 17
2014 6 26
174849 12 6
1972 2 10
102863 1 26
2151 7 15
106778 4 1
2210 6 23
393092 3 4
1905 6 26
262302 10 17
2005 1 3
251355 4 23
2008 4 14
186053 12 21
2047 7 13
79015 3 22
2176 4 26
326327 9 2
2021 10 15
283541 5 5
1943 2 4
398432 9 5
2143 11 26
334164 3 1
1970 2 14
339880 11 13
1931 7 27
305311 3 27
2034 5 27
54358 5 11
2091 7 13
237198 6 14
2113 10 16
98000 4 17
1917 4 19
50508 11 22
2140 2 24
269273 8 28
1956 7 12
345236 6 10
1976 2 29
346660 5 15
2210 8 29
180317 12 29
2044 11 11
120514 10 13
2029 4 5
140162 6 22
1917 7 11
271116 11 7
2118 8 22
59173 6 7
2031 3 24
293905 6 24
2033 6 16
162143 2 18
1980 5 1
152572 5 24
2245 7 27
185706 6 9
2041 11 15
212465 9 13
2005 10 12
299645 8 4
2217 1 15
62744 5 6
2198 7 12
166196 8 10
2004 2 21
21121 10 23
2077 9 3
355129 7 2
2248 1 12
225920 11 22
2018 5 5
370024 4 26
2012 6 1
20743 11 25
2121 10 15
130102 11 3
2116 1 4
141030 1 1
2089 5 22
27009 12 3
2091 3 8
280505 2 28
2067 2 2
97007 5 9
2020 11 18
75672 7 28
2221 2 24
47477 3 24
1979 7 26
199953 8 12
2162 6 9
40023 5 8
2015 4 2
308431 7 14
2239 4 14
287697 9 30
2221 9 25
278112 8 18
2272 12 16
234090 4 12
1908 7 12
385009 2 28
2076 7 2
90366 12 7
1995 10 28
276599 12 12
2038 8 14
362777 12 29
2183 1 16
95883 12 22
2158 10 16
108402 10 1
2244 8 8
222640 11 16
1929 6 27
10812 4 21
2185 12 17
134813 9 12
2249 6 26
226179 11 12
2111 9 23
165791 11 1
2068 2 16
396610 2 10
2092 10 2
55798 2 19
1953 7 1
330512 2 24
2230 3 23
325964 5 16
2001 12 5
222592 12 20
2142 2 1
138888 8 29
2133 6 25
391800 3 5
2202 11 11
365281 3 6
2235 5 20
239567 2 9
2033 3 11
94167 8 8
1932 2 23
218220 4 17
2014 2 13
48623 7 9
1943 11 18
51238 10 16
2133 8 21
23560 5 5
2230 6 12
259608 2 13
2268 5 13
324903 4 12
2106 3 3
28170 12 15
1969 6 29
190306 12 9
1953 4 22
397740 12 3
2058 6 1
305036 5 28
2114 6 13
314272 8 4
2139 2 6
83456 8 14
2201 7 20
83706 1 30
2241 11 8
253730 8 3
2101 2 3
185546 6 4
2092 5 29
299036 12 24
2265 8 23
399977 10 30
2239 2 3
321238 10 15
2112 2 13
157137 10 15
2078 4 11
209301 12 4
2004 6 12
112711 9 4
2154 3 9
57430 10 17
2178 11 8
24526 2 21
2045 9 4
382061 8 10
2222 12 4
36709 8 28
2142 1 2
201025 5 19
1967 8 27
124062 12 4
2080 6 4
7801 3 15
2075 7 18
359535 2 25
1970 1 20
303674 8 3
2274 12 17
262830 10 29
2196 11 23
126902 7 16
2221 1 25
147668 4 12
1928 7 22
314413 7 30
1950 3 8
4442 9 25
2237 10 29
246581 11 16
2026 1 29
273864 12 9
2276 4 30
40082 5 27
1991 1 7
159573 5 18
2046 11 28
191727 11 2
2251 5 22
385580 8 20
2262 11 17
19961 6 1
1986 9 22
78317 5 30
2094 2 27
243603 8 5
1940 9 30
397470 3 18
2284 12 26
250683 9 15
2030 1 4
305959 7 10
2124 2 12
123764 11 7
2176 4 16
184407 6 27
2272 10 11
345597 12 15
2297 4 11
74611 9 13
2208 9 18
400791 12 9
1985 8 25
106890 8 3
2275 3 9
197546 8 25
2223 10 27
66180 3 14
2220 3 9
226070 9 14
1915 12 23
52609 4 20
2284 4 9
318645 6 28
1920 7 20
208250 11 1
2285 1 27
357386 3 25
2191 3 29
128816 6 22
1954 10 6
324676 4 14
1951 7 27
123235 11 30
2025 12 19
65039 6 8
2046 3 20
70528 5 8
1904 3 18
168567 1 9
2231 7 12
157615 1 13
2005 8 29
71046 4 15
2275 3 29
197705 9 3
2257 1 7
72230 3 12
2282 9 9
309114 1 19
2252 11 23
154896 8 3
2003 6 2
256565 3 11
1977 1 17
304256 7 3
2224 9 30
114085 1 8
1934 9 8
42830 4 1
1972 6 8
394264 5 16
2100 2 21
42470 10 27
2131 2 28
209657 10 17
1958 5 24
131026 2 22
2160 4 21
232106 1 21
2003 12 22
292336 3 30
2135 8 20
216942 5 23
2214 11 22
271779 7 16
2078 11 7
341002 1 15
1967 9 8
126985 6 23
2096 4 22
152793 6 22
2179 11 10
333606 11 3
2132 4 2
261000 2 1
2139 2 13
65074 4 10
2212 3 14
276648 12 10
2038 12 4
400598 8 9
2114 6 19
303113 5 6
2260 7 7
364159 12 23
2039 10 26
169996 11 15
1989 6 4
348541 3 13
2104 5 17
219421 4 15
2216 8 15
147608 12 5
1935 12 22
160781 3 11
1984 7 17
9703 6 12
2044 4 30
94361 10 30
2058 10 12
275311 1 17
2037 10 16
99668 1 27
1961 5 8
295625 9 3
1987 10 12
220553 11 27
1989 12 29
330746 7 14
2148 11 14
234923 3 9
2294 8 27
219815 8 16
2063 2 10
68738 8 1
1958 9 14
67634 6 9
2098 6 8
19607 8 13
2196 6 3
381846 2 3
2224 1 2
391916 6 24
2248 12 14
176895 4 13
1917 11 25
97910 2 22
2026 11 4
41711 3 11
2161 1 26
231654 6 9
2041 3 27
77488 1 14
2138 12 29
318590 4 10
2060 10 8
281971 11 10
1990 1 30
136650 1 7
2073 8 18
304813 1 25
2010 10 27
240975 9 5
2163 6 15
148176 3 15
1918 5 21
4549 12 27
2067 11 17
317496 12 18
2275 10 28
15222 8 30
2156 5 15
115914 3 29
1990 11 17
162249 7 7
2125 11 22
3316 1 27
2170 6 20
148928 3 15
2232 1 25
230682 5 16
2208 7 5
100732 12 21
2154 3 1
26939 8 5
2180 11 22
392021 10 23
1957 8 2
357371 3 20
2145 1 22
113200 2 11
2227 8 27
119664 2 29
2248 4 30
103895 1 27
2000 7 18
394296 1 15
2007 2 30
183432 9 30
1908 1 15
225803 5 18
2188 2 29
233348 8 20
1928 2 5
71071 9 5
2240 5 9
345951 6 18
2213 6 3
358132 6 19
2145 9 4
27969 1 3
2256 3 3
82919 5 18
2071 4 6
111889 8 13
2024 2 9
131315 9 12
2138 10 24
206775 12 6
1963 9 21
106429 1 15
1985 8 22
97222 4 19
1922 3 17
194847 5 29
1962 8 23
11436 10 10
2174 12 11
9756 2 1
1950 9 19
151189 4 19
2000 5 5
305799 9 3
1911 3 10
361899 7 17
2241 12 20
43173 3 8
2207 1 24
119932 12 25
2223 10 18
135352 1 1
2017 5 2
72749 3 19
2167 8 1
171865 12 29
2039 7 18
84647 3 11
1957 8 14
32351 2 18
2067 10 25
203866 4 24
1922 11 11
70207 3 25
2178 4 7
194512 2 22
2237 10 24
356793 10 19
2134 2 9
282866 7 12
2207 4 13
3922 9 18
2279 6 9
229549 9 12
1943 5 2
108687 8 7
2226 5 26
317216 10 26
2259 1 21
64272 4 25
2284 7 22
109764 5 4
1968 11 22
380821 2 20
2061 1 1
149634 3 22
2197 7 7
238653 2 1
1952 3 16
392825 8 15
2085 12 9
42612 7 5
1931 9 23
235880 10 14
2170 5 16
173211 2 2
2109 8 10
31769 4 29
2114 7 4
392629 4 4
2161 8 20
297664 4 7
2075 4 15
167389 8 13
2259 10 10
148241 7 24
2193 4 23
186378 1 10
2276 11 19
235906 5 19
2238 11 20
355370 6 22
2029 8 14
228801 11 15
2077 11 20
362699 7 4
2180 8 30
368502 1 20
2036 1 12
384894 9 14
2082 12 25
331475 11 19
2043 5 21
84003 2 28
2027 6 1
387364 12 1
1982 4 13
163983 8 6
2292 7 3
149090 4 14
2191 11 20
384907 3 16
1919 2 1
394650 5 21
2044 1 27
307590 2 19
1915 6 6
114323 7 15
2103 2 22
86599 12 20
1942 10 3
16963 12 8
2189 7 9
389963 3 14
2279 1 12
19423 2 28
2005 2 12
58661 3 10
2130 5 21
151652 7 23
2011 11 21
134229 6 2
1933 3 10
217712 5 1
2122 10 15
127376 4 22
1949 12 24
9502 11 12
2085 3 20
360090 7 19
1914 9 15
31813 9 9
1980 2 7
49388 7 17
2198 9 25
22821 11 4
2144 4 18
227446 10 28
2055 8 11
189875 7 22
2077 4 6
34655 12 15
2210 3 4
182484 3 28
2192 8 12
150128 7 9
2020 2 7
232636 3 27
2104 9 13
334577 8 15
1932 11 23
34547 1 10
2081 8 17
150889 3 6
2048 9 7
216155 9 27
1989 11 7
267939 4 7
2012 6 24
127383 3 10
2045 3 17
232174 2 25
2040 9 9
286300 1 26
2210 2 5
329838 4 14
2241 4 29
304828 4 26
1908 9 16
325022 1 17
2123 3 9
181868 7 9
1909 9 28
389413 10 18
2109 9 5
377765 10 19
2269 2 22
7396 9 27
2109 4 6
321483 6 14
2174 12 14
311570 4 16
2259 4 5
30451 11 14
2101 1 21
290129 1 23
2173 1 24
382007 7 5
2281 6 23
186077 12 3
1994 11 26
300186 12 12
2237 4 16
55493 9 20
1901 7 4
259498 12 10
2253 4 4
179205 2 30
2274 1 11
82494 8 9
2011 1 2
32037 4 16
2198 2 5
359582 2 27
1945 10 15
306125 1 16
2052 7 25
178718 4 5
2117 12 20
321248 3 29
2220 7 16
343530 11 16
2087 3 13
146186 9 3
1991 11 8
317251 7 22
2290 10 21
387482 4 20
2258 9 11
160958 5 28
2278 1 9
46757 2 22
2045 6 24
361018 10 5
2108 7 14
391894 9 17
1986 5 20
386584 6 17
2230 9 18
191513 11 30
1906 12 18
161431 5 23
1976 7 25
341025 5 23
2199 8 25
339516 3 18
2267 10 8
227158 5 26
2116 10 16
374580 4 3
1924 11 21
150799 5 20
1993 3 1
308685 6 29
2265 1 29
292703 5 17
2223 8 26
248718 7 23
2029 12 25
90388 12 1
2184 3 2
181272 1 25
2215 4 20
28816 6 26
2063 2 5
251292 12 30
2182 2 16
154924 8 21
2232 5 22
203460 6 3
2216 6 4
345376 12 5
2151 9 20
107832 10 15
2153 1 3
74353 11 27
1981 1 2
9267 6 19
2251 2 24
356047 8 28
2230 11 7
364276 8 13
2214 7 28
211615 12 18
1902 10 23
88406 2 22
2085 10 1
119228 3 29
2290 2 30
38159 2 26
2054 11 23
356283 5 4
2108 4 8
28126 11 24
2296 6 24
214656 4 18
2227 7 18
366229 8 25
2262 5 15
81942 7 25
1940 5 2
217404 9 2
2132 1 25
312697 8 2
2055 5 14
120442 9 13
2026 8 21
123715 10 15
1932 8 23
401930 1 3
2227 7 20
79546 2 18
2144 7 10
387675 12 1
2133 1 8
360313 1 14
2273 3 18
296643 3 17
2189 5 10
24920 1 21
1905 4 27
134940 12 1
2129 2 17
319281 2 21
2255 8 8
85681 7 18
1950 6 10
263680 3 25
2081 1 10
182881 8 1
2153 8 4
397711 3 23
1900 2 6
7702 5 19
1983 5 6
90958 9 3
1961 11 21
205902 5 10
2238 12 17
78061 2 20
2238 12 28
325696 9 21
2122 6 9
326650 8 30
2112 10 23
68582 3 24
2183 10 22
232084 2 5
2219 1 28
174944 6 25
1983 10 3
266396 4 28
2195 5 27
141337 9 28
2122 4 10
51217 5 5
2185 11 23
93669 11 10
1955 5 26
331087 7 22
1967 7 2
74871 2 12
2150 12 11
370155 4 2
2118 7 19
387778 6 4
1906 3 25
384523 9 5
2065 2 2
123562 2 1
1923 11 17
254539 1 10
2219 11 29
219289 1 25
2267 4 3
257799 2 25
2012 2 11
219597 2 23
2246 5 28
278267 7 9
2207 10 27
119443 7 8
2068 9 8
274534 5 11
2130 5 28
398585 4 22
2119 8 19
73239 4 2
2156 5 22
53698 1 14
2022 8 15
202968 12 23
2189 3 29
215597 1 22
1980 3 5
352239 2 18
2055 10 5
158018 6 5
2095 3 6
134437 2 17
1923 6 13
344941 6 9
2213 3 9
328174 2 4
2112 5 27
3472 6 20
2204 10 1
296725 3 4
1912 10 19
217838 1 24
2233 8 27
152553 3 18
2127 8 16
358995 8 7
2145 10 3
119568 2 9
2130 10 25
320298 12 29
2011 12 14
228459 10 25
1980 3 19
6965 10 15
2290 12 6
74058 5 22
2052 1 5
252659 1 26
2279 5 30
141415 1 5
2018 10 29
104749 11 30
1908 9 3
76674 12 12
1987 2 23
294105 8 19
2145 6 15
163380 9 30
2069 10 16
337100 1 23
2126 2 6
392556 5 26
2278 10 13
185847 10 11
2113 8 14
118029 6 11
2015 2 11
388569 4 6
2278 6 24
284967 7 9
2295 8 5
77164 11 4
2122 1 20
280829 11 4
2206 12 27
194894 4 4
2053 3 9
15691 1 26
1917 9 27
392451 10 24
2139 1 3
280086 12 13
2133 2 12
334312 4 3
2200 1 12
396247 7 20
2039 8 14
133246 6 18
1997 4 25
47914 12 18
2149 7 12
368044 12 29
2073 8 19
272194 8 12
1959 5 30
87539 6 12
2142 8 16
356201 2 8
1913 9 13
344147 4 26
1909 10 23
298805 1 20
1979 3 23
332215 9 10
2243 11 29
337887 8 3
2141 3 19
369578 2 17
2078 7 13
382378 2 12
2236 6 20
229600 8 27
1955 9 19
156204 10 18
1972 11 13
277068 3 30
1967 2 29
87761 12 5
1942 9 1
109634 11 18
1910 2 23
214267 7 3
2168 7 11
41528 5 17
1931 5 25
277608 11 19
1910 2 30
314855 7 3
1939 3 11
249422 11 28
2243 7 14
54068 5 15
2238 1 5
184297 7 18
2055 11 3
159419 11 16
2219 12 27
105546 12 2
2132 12 5
284023 6 24
1958 12 23
42540 8 18
1904 2 22
80321 1 20
2083 12 21
49318 2 14
2023 1 11
45033 6 16
2258 7 15
277606 1 25
2014 3 9
396509 3 4
2038 12 14
33573 10 19
2010 6 11
244710 8 16
1993 5 5
190592 11 17
2264 4 7
302620 1 15
2066 1 1
37496 11 28
2091 12 15
231001 1 29
2193 12 19
305464 9 28
2247 10 20
168023 3 8
2189 7 30
148048 11 8
1976 1 7
127268 12 30
2190 12 20
115688 8 12
2209 2 4
381075 10 17
2031 1 25
85763 8 26
2248 9 24
366392 10 11
2070 6 25
142089 12 23
2002 5 4
252259 2 27
1908 4 16
99011 7 30
1975 11 17
193733 6 10
1985 6 30
93306 3 29
2250 7 11
387409 2 27
2033 6 17
96639 4 2
1948 9 8
379579 11 5
1923 7 28
108438 10 30
2187 10 24
353899 12 29
1962 3 1
248543 2 5
2186 7 1
43307 11 22
2262 3 7
90607 11 23
2206 12 1
55354 2 12
2114 6 16
357107 5 21
2033 6 15
392570 3 1
2197 10 28
39625 3 5
1992 1 18
218094 7 28
2071 3 3
46821 8 15
1977 5 25
181551 12 6
2045 6 25
95701 2 30
1970 7 17
239364 8 26
2177 6 27
199879 6 14
1937 1 2
278343 9 3
2151 9 17
169780 3 4
1971 12 1
13848 12 30
2064 6 19
400829 11 26
1960 2 26
98338 4 3
2224 7 17
377676 11 23
1981 1 9
328402 5 10
2269 7 2
383768 4 3
2156 7 12
115676 10 11
2052 7 1
144715 11 30
2195 4 17
87820 10 11
1964 4 8
7361 8 29
2179 8 26
394819 2 23
1931 5 19
36040 3 28
2018 1 29
322184 5 2
2051 4 21
374053 7 13
2044 3 28
139489 11 27
2250 4 27
340807 1 1
2072 4 5
44748 11 5
2032 4 7
46360 11 13
2260 11 15
118539 10 3
2001 10 12
365987 7 17
2054 3 25
96667 12 29
2246 4 25
47832 3 14
2008 12 24
42944 10 7
2070 4 1
157242 7 16
2236 1 8
139504 10 14
1921 4 18
223878 9 6
2088 2 2
128190 1 27
1978 3 4
242515 6 6
2266 4 22
319689 5 2
2063 8 29
243627 5 7
2017 6 1
181945 5 27
2112 2 11
376571 11 28
2243 4 9
292129 11 3
2104 12 13
30087 8 6
2103 3 26
326140 2 3
2232 11 20
350325 6 5
2104 12 3
210130 12 10
2086 7 8
46645 2 3
2018 2 21
54302 10 2
1982 11 5
362218 12 7
2248 6 9
337671 9 26
1992 1 21
183930 2 13
2068 12 27
377652 11 28
2206 9 25
138955 3 30
1993 5 30
309303 5 7
1946 7 21
308393 11 29
2276 10 9
270355 6 8
2238 4 14
73608 6 25
2008 6 16
183033 1 5
1946 3 14
58180 12 23
2137 9 21
202100 2 8
2137 5 1
318359 11 17
2222 3 5
41492 5 24
2198 12 26
262713 3 16
2092 9 18
247825 10 1
2042 4 25
31638 5 8
2183 1 13
114656 2 6
2073 8 7
142744 11 25
2200 3 9
222822 1 30
2278 9 16
73797 3 10
2148 2 9
378330 2 17
2178 8 9
224407 1 17
2106 7 23
227703 4 5
2296 1 7
173078 3 1
1991 4 6
272124 2 23
1928 1 15
83736 6 8
1959 6 22
352106 6 20
2273 7 16
7305 10 20
2061 1 22
393971 8 26
2135 8 21
30105 11 20
2163 1 23
47570 8 14
2253 8 21
361644 1 7
2250 1 29
72042 2 29
2084 1 17
124723 6 3
2144 9 15
106634 5 4
2268 8 25
355875 11 27
2148 2 1
396202 5 12
2268 3 11
283981 4 15
2237 1 10
123699 4 12
2006 10 8
101628 4 16
2175 12 24
255705 12 4
2065 11 19
359259 9 18
2039 2 10
77128 4 1
2067 1 25
155939 3 26
2184 11 3
65512 4 18
1963 7 24
268804 11 7
1934 6 10
173843 9 27
2293 12 26
23420 1 30
2244 6 29
195599 1 3
2037 7 11
86269 9 15
2266 4 19
86663 6 30
1910 11 21
105061 11 1
2110 4 27
115027 7 26
2295 2 11
80243 6 7
2276 1 7
290686 4 10
2247 10 9
150235 5 27
2153 4 4
47503 9 6
2025 11 19
311343 7 1
2101 6 9
9603 3 14
2090 1 2
103464 5 20
2128 5 14
296048 6 13
1946 3 6
22616 9 10
2057 1 9
224390 12 18
2056 1 7
43809 5 18
1963 12 27
98217 12 24
2012 2 17
53324 3 24
1906 12 23
169808 8 6
2157 10 13
266775 4 19
2240 4 11
21188 2 20
1942 6 4
352333 1 12
2172 6 8
164911 1 7
1961 4 23
90218 11 8
2052 1 27
225798 3 15
1972 5 29
280358 2 1
2284 7 27
391464 3 12
2270 11 22
395564 9 14
2255 6 15
34012 5 29
2059 7 23
64418 2 5
1941 3 19
124997 2 28
2168 3 27
227646 10 20
2103 11 18
78906 12 27
2262 10 9
379878 3 28
2127 7 13
156557 3 16
2012 9 10
213703 9 3
2114 9 5
12854 11 11
1931 7 30
184702 5 6
2065 7 12
78357 9 5
2020 2 16
42379 2 15
2274 8 9
82610 1 29
1904 7 18
341887 7 20
2255 10 18
80203 1 6
2118 5 20
398932 5 2
2078 11 29
144901 1 24
2105 2 6
304271 3 16
2156 4 20
288987 10 1
2047 9 15
188482 9 13
2154 10 19
377287 6 15
2176 12 2
163460 1 15
2055 4 30
287132 12 30
1979 2 17
239252 10 16
1988 9 21
279743 11 14
2263 2 6
69422 8 9
2233 9 19
305831 3 10
2122 1 4
115467 9 19
2229 5 10
105030 1 22
1913 2 5
241404 1 5
2189 8 28
312287 10 21
2184 12 13
226690 2 1
1993 4 5
96519 9 12
2226 6 13
188602 9 25
1956 5 4
91643 9 16
2028 2 30
213780 6 5
2201 10 25
374602 2 10
1930 11 13
296098 4 13
2025 7 13
349012 12 24
2085 4 5
234624 6 13
2159 4 10
118126 9 26
2282 9 10
202075 8 14
1934 12 20
172522 9 1
1993 2 17
357331 8 12
2280 2 23
353496 9 18
2055 6 25
127440 12 26
2022 3 29
223633 7 22
2260 1 15
243445 9 12
2122 3 12
134503 1 29
2038 10 10
120533 10 27
1931 5 15
330100 5 15
2083 8 21
46364 5 13
2002 1 1
5991 11 18
2176 10 21
168242 11 19
1986 1 20
251327 12 7
2139 9 21
90960 11 11
2160 10 20
69666 2 1
1933 1 8
325618 3 2
2172 8 15
43690 9 24
2120 5 11
110174 3 17
2069 5 26
186853 6 3
2093 2 23
31426 1 7
2027 6 10
376835 9 29
1979 9 17
353606 2 13
2136 11 3
111465 5 10
2030 4 22
368330 11 30
1955 9 2
293460 10 17
2165 5 29
48455 3 4
2031 6 26
377766 5 24
2226 7 1
341203 3 23
2051 9 23
327152 9 29
2053 1 10
14586 8 7
2118 5 30
394678 9 8
2172 1 4
396490 11 1
2015 7 27
185467 4 18
2044 5 9
308958 10 24
2282 9 23
181081 3 26
1910 12 28
119185 3 25
2232 10 2
17007 4 30
2251 5 15
66236 5 4
2124 8 18
6257 2 10
2165 10 6
171589 12 4
2256 1 9
391581 11 14
2261 7 29
94092 8 29
2009 3 7
167129 6 27
2286 6 21
315679 4 14
1915 5 2
330582 4 15
2180 3 12
186915 6 23
2035 6 19
234673 12 5
1952 7 5
179102 12 19
2188 12 13
36163 2 29
2124 8 17
197448 5 25
2258 12 14
386424 2 17
2107 9 14
163018 7 17
1987 11 26
162355 9 19
2076 2 1
392435 5 24
2004 1 3
31341 9 4
2144 6 22
51923 11 20
2298 9 11
75988 2 12
2238 12 3
193156 11 22
2284 1 13
378285 12 15
2180 3 17
81419 8 8
2219 1 24
89399 6 1
2115 1 26
219085 7 22
2252 2 22
259924 12 1
2098 2 28
41586 9 29
1976 3 13
211322 5 15
2278 7 16
391984 6 5
1913 4 22
34673 3 4
2114 11 29
324055 12 4
1946 9 5
18924 5 9
2185 6 19
62639 11 4
2278 7 13
362708 3 11
2000 4 26
233903 1 10
2289 8 14
244068 10 20
2293 6 7
140242 2 14
2004 9 30
132933 10 1
2256 10 19
52005 10 16
1930 6 29
185146 2 22
2002 10 18
371973 10 8
1925 1 19
294822 8 3
2242 9 11
326366 11 22
2135 4 9
193847 4 26
2292 11 2
160985 2 24
2136 3 15
47580 11 9
2231 8 8
266293 2 13
2104 12 20
331507 6 18
1977 7 27
204329 1 15
2004 1 22
37573 6 4
2258 5 13
337999 12 14
1947 12 28
39914 9 28
1925 1 8
337881 6 25
2061 5 25
199739 4 14
1948 4 25
32036 9 19
2111 10 12
51284 1 30
2018 1 7
75550 10 18
2086 9 23
51900 10 17
2177 2 12
221316 4 27
2102 2 12
399878 2 17
2015 2 14
180322 5 13
2231 3 5
201077 7 30
2136 8 1
276409 8 25
2000 1 19
223575 11 25
2299 9 13
52143 2 28
2064 7 8
278080 12 23
2032 1 7
157951 7 20
2034 11 17
63929 3 23
2045 2 26
84466 8 19
2023 11 6
361858 4 14
2296 7 16
292737 1 30
2195 10 3
379323 6 10
2047 2 23
86751 1 29
1982 8 14
100334 3 9
2107 3 26
213462 10 28
2231 4 24
248707 2 3
2144 1 1
298083 1 4
2035 2 7
132754 5 8
2246 7 18
101896 12 22
2099 8 28
192644 1 15
2085 8 7
102816 12 1
2250 11 5
336978 8 26
2165 5 25
104235 10 8
1915 5 1
322987 4 9
2181 9 4
387321 11 17
2048 10 6
219556 11 20
2067 5 16
60054 8 28
2167 12 26
379361 5 6
2265 1 14
354201 1 21
2000 2 7
128982 6 25
1976 1 13
354231 4 18
1972 4 18
111456 7 30
2249 9 2
117999 12 23
1907 8 8
254707 5 9
2244 12 13
329798 11 18
2013 6 8
142616 7 16
2129 5 25
158931 7 9
2220 12 19
151453 5 5
2165 1 22
29982 7 4
2043 4 12
122047 12 15
2066 4 25
311820 12 7
2192 5 2
223982 4 23
2251 2 2
385980 11 11
2133 11 19
372467 12 21
2259 7 16
98543 2 3
2231 9 17
95347 6 2
2011 4 3
348220 6 18
1939 4 10
78974 7 25
1938 7 9
78634 8 29
2000 3 2
210520 7 12
2153 5 21
85229 3 13
2138 8 2
80160 6 23
2035 1 14
86543 3 27
2125 8 19
273230 6 21
1952 4 25
163558 5 11
2282 5 5
376051 5 3
2202 1 8
294380 10 14
1918 11 3
353879 1 30
2109 3 27
270279 3 8
2191 5 21
341799 2 20
2205 2 5
209489 1 6
2201 9 8
304109 7 23
2186 8 3
293784 1 21
2213 11 27
350393 10 22
2043 12 20
202323 1 19
1994 4 14
204837 2 6
2042 8 12
141283 12 29
1937 8 19
172282 5 3
1923 11 29
134009 1 13
2174 8 5
147692 4 18
1908 2 3
233446 5 4
2229 4 20
200954 10 13
2255 9 11
78580 1 9
2139 12 6
143919 1 2
2200 7 14
328090 1 6
1997 4 23
59161 10 14
1961 7 1
183545 10 8
2253 10 9
210388 4 22
2023 8 5
246928 5 25
1976 11 22
386155 12 29
2290 1 16
360912 12 20
2233 4 20
124056 2 2
2101 8 26
366833 6 3
1997 11 21
369832 8 17
2140 2 12
127409 5 2
2004 11 9
276926 8 13
1943 12 10
323306 5 28
2114 8 14
286835 11 2
2294 7 4
347641 9 25
1925 11 17
319013 5 2
1917 11 2
230021 10 16
2053 10 16
388864 12 28
2126 4 8
216987 11 4
1968 9 11
13447 1 26
1946 6 10
350258 11 4
2158 1 30
183226 4 19
2132 1 1
5414 11 13
2157 8 3
278788 3 28
2228 3 30
269905 11 30
2079 3 24
154479 4 9
2249 10 18
126941 8 8
2231 4 24
340906 6 23
2020 12 24
199205 9 12
2077 10 20
95193 6 25
2275 9 19
388402 4 22
1912 4 25
47836 7 2
2299 3 19
353111 6 20
1981 8 3
331400 2 5
1947 5 1
105727 3 21
2018 5 27
259382 10 20
2155 1 21
229491 2 24
1901 2 14
244119 4 22
1948 11 21
346528 9 10
2086 10 4
267210 6 22
2253 3 28
13895 6 10
2196 8 16
387143 5 16
2255 6 28
346161 10 2
2155 2 18
235093 6 25
2032 6 15
396104 1 21
1913 4 10
246135 1 2
2178 5 13
355911 11 27
2022 7 11
98850 12 30
2285 11 16
208518 2 27
1922 7 4
5112 5 3
2216 7 22
243210 4 19
2101 7 8
179036 10 5
2279 10 29
337170 1 14
2185 5 30
220595 1 28
2092 10 16
214761 10 14
2213 10 20
137168 4 6
2082 6 30
193871 6 17
2003 9 14
105901 11 10
2187 11 15
330471 10 10
2204 2 3
80064 4 13
2177 10 8
45677 3 25
2069 10 30
69526 11 14
1909 8 7
45431 2 28
2161 2 12
66509 3 2
1995 10 23
244497 12 21
2135 5 16
85425 9 7
1910 8 19
215604 7 11
2128 5 16
80129 9 23
2257 2 15
97227 2 17
2095 10 26
329530 1 3
2053 7 4
235971 12 25
2133 12 3
81847 6 11
1947 1 1
131300 6 10
2155 12 15
18915 4 14
2218 8 2
177889 4 27
2046 2 12
154542 3 21
1960 3 13
122452 10 17
2106 9 30
115175 3 28
2117 5 14
11545 8 26
1928 7 11
235848 3 26
2127 11 12
291872 12 19
1945 10 3
201726 7 8
2172 6 17
388055 6 28
1992 7 5
282701 3 21
2001 6 7
190237 5 3
2284 7 12
349491 12 24
2108 7 9
2995 4 22
2023 11 30
51117 11 22
2033 11 5
221787 2 27
2140 1 4
151322 2 19
2017 5 26
91096 10 15
1958 5 3
184463 2 14
2057 5 22
100990 2 29
2083 5 11
296258 1 17
2133 5 8
3841 6 14
2277 5 28
313029 4 3
1980 7 14
96804 11 9
2162 11 3
252389 3 17
2101 1 12
253817 9 12
2254 8 25
388819 6 16
1942 6 30
77574 1 22
2213 7 6
180301 4 13
1942 1 18
276884 3 19
1981 3 20
61280 2 6
2066 12 6
308031 2 3
1915 3 10
71773 11 11
2060 2 5
397324 12 14
2139 10 24
341529 5 9
1943 5 30
17146 6 15
1921 8 10
225885 1 17
2243 5 23
343705 9 21
2248 12 28
181761 1 9
2072 7 27
321952 1 12
2129 5 5
344390 3 22
1920 2 26
90248 10 12
2223 12 3
190793 8 15
1913 10 9
189258 3 20
1937 3 29
118614 10 26
1908 9 2
69592 4 4
2275 12 25
159527 5 19
2056 11 29
92239 6 19
1916 3 11
211106 6 1
2231 10 22
216456 3 3
2043 9 4
243193 6 22
2091 5 17
116533 1 28
1943 2 27
267798 8 4
2027 6 6
316227 5 7
1937 5 11
335319 1 22
2186 10 27
161435 12 24
2250 6 12
119813 5 5
2004 3 17
379168 12 10
2100 3 21
41177 3 15
2189 2 25
223107 8 15
2177 8 28
140092 6 19
1947 12 6
30724 6 18
2034 4 7
382305 11 13
2251 5 1
22902 9 28
1960 8 5
380423 12 4
2194 5 17
73949 12 10
2284 2 13
337351 8 3
1944 6 23
159247 7 3
2288 2 24
111380 10 10
1992 6 30
104116 3 29
2064 12 14
7968 8 1
1932 12 15
357118 12 12
1910 11 6
355431 6 10
1926 6 22
363276 6 9
2054 2 23
348932 7 16
1904 1 3
391804 6 6
2179 12 10
104403 3 22
2284 10 20
105717 2 13
2052 1 26
196514 9 19
1946 8 7
277030 4 1
2076 12 20
98590 3 16
2042 6 28
163369 6 6
2147 4 28
349038 9 19
2284 8 21
264537 9 17
2168 2 24
274713 11 26
2284 6 2
338475 10 3
1930 8 11
396722 6 20
1934 4 16
99217 1 24
2054 12 2
296801 2 23
2218 6 9
172348 2 15
2288 1 20
114977 12 6
2226 12 17
141967 12 14
2156 10 19
399556 11 7
2238 8 19
53790 1 12
1906 10 16
231636 7 29
1990 6 29
75700 8 16
2024 7 11
299458 12 4
1987 2 24
402549 2 10
2290 6 24
401840 4 22
2254 6 19
315907 11 19
2229 3 21
50672 11 2
1940 10 27
142584 1 29
1971 9 4
86488 10 22
1941 2 6
332706 2 25
2204 9 19
142989 9 17
1929 9 14
399475 12 8
2081 1 22
158390 7 7
2089 12 6
123449 3 10
2158 1 16
259625 10 18
1916 10 18
110216 11 16
1985 1 20
204205 8 24
2023 4 11
247373 1 4
2115 4 28
239483 2 30
1939 8 1
246805 2 23
2290 12 4
183079 1 24
2010 2 11
277167 12 28
2086 1 13
113831 3 9
2187 11 5
251940 9 10
2261 3 25
235231 2 24
1996 4 1
101699 5 13
2021 9 22
334440 12 24
2185 7 8
289137 4 17
2201 10 30
146739 3 12
2257 11 24
327932 2 30
1966 7 29
310127 9 30
2134 9 8
45136 10 9
2062 7 13
75468 11 11
1955 6 11
277429 11 18
1979 2 15
217736 7 9
2048 4 20
166216 6 15
2050 1 5
30350 1 24
2034 3 14
234420 3 29
2093 2 22
173854 2 29
2122 3 10
143026 4 25
2201 5 3
57567 5 7
2236 10 3
42154 6 23
1934 10 12
214618 3 22
2073 7 20
351120 10 18
1962 11 18
112146 4 14
2055 9 13
251441 4 12
2170 4 15
266511 3 17
2262 5 11
383955 7 16
2087 10 3
370506 4 12
2241 10 28
203776 11 15
2172 10 25
276879 3 25
1954 10 22
325970 1 30
2230 3 18
7160 6 9
2071 3 3
110469 9 9
1924 8 11
359488 10 21
1900 12 4
171296 2 29
2087 10 12
142066 9 20
2290 11 17
123455 4 2
2103 4 16
151339 2 5
2036 9 3
287453 6 17
2209 12 21
333752 11 27
2211 6 7
35585 5 9
2054 7 28
279856 3 25
2106 5 11
237988 6 26
1932 7 18
68905 9 12
2211 7 18
356311 7 21
1942 1 1
198058 4 16
2010 2 12
65075 8 10
2070 10 28
382809 10 15
2093 11 20
272622 5 12
1924 1 30
77047 5 2
1999 12 15
139643 4 2
1990 3 12
176649 5 25
2198 12 19
265806 6 19
1943 2 5
348203 7 3
1924 8 19
69095 4 6
2190 7 11
82005 9 13
2213 3 28
261128 6 28
2296 7 4
346909 7 29
2187 4 14
146186 5 25
2094 1 25
312378 2 16
2122 1 8
294678 5 17
2299 5 6
280360 2 15
2072 3 4
130603 11 23
2195 9 21
15303 9 12
1968 9 6
374046 1 27
2010 7 21
127974 7 28
2078 8 24
343000 7 6
2280 3 11
147428 2 6
2208 7 27
121715 11 8
2153 5 4
60886 10 16
2101 1 27
402312 5 17
2150 8 29
68170 9 15
2060 9 21
94621 4 19
2159 6 8
72596 5 26
1981 1 9
53360 10 19
2018 3 24
76743 2 6
2000 10 12
394615 1 13
2247 4 17
113933 9 2
2099 10 28
356720 6 21
2089 2 11
340543 12 8
2083 7 27
193520 8 6
2149 11 6
166488 11 20
2169 7 23
196518 4 6
2295 6 20
249870 1 12
1983 8 28
239415 1 30
2139 9 15
367566 1 1
1941 9 12
370409 12 29
2175 5 5
34111 11 29
2183 6 24
56861 5 24
2156 12 16
290022 9 8
2143 4 10
88517 12 1
2073 6 28
348130 12 23
2221 1 16
56900 5 24
1951 5 26
116700 6 10
1959 10 3
96503 9 21
2106 6 6
151014 12 7
2103 12 23
21304 4 15
2183 2 25
294226 11 17
2037 7 19
365307 4 2
2173 2 11
71017 6 29
2135 5 1
53134 3 14
2134 3 1
222870 9 14
2114 10 1
6865 4 22
2155 8 11
360362 7 25
1994 10 7
53787 4 5
1996 7 30
402374 5 18
2060 2 9
396229 1 19
2053 10 1
181904 3 15
2208 4 17
123433 9 23
2090 10 19
387120 3 14
2143 9 21
66035 3 17
2271 4 1
239690 3 16
1919 2 20
250559 6 18
2270 11 5
169670 11 11
1943 3 28
114936 11 10
2170 3 27
139190 8 21
2026 2 9
316448 12 10
2078 5 26
230383 12 10
2045 3 21
42658 2 7
2065 5 26
150221 4 23
2283 8 18
94774 12 28
2267 2 11
354886 6 11
1999 4 21
183423 3 21
1924 2 26
69539 7 9
2036 11 11
187482 10 7
1990 10 28
149034 7 23
2130 4 11
6972 1 23
1972 5 27
72164 12 27
2138 5 13
125569 11 19
1995 1 28
30762 8 28
2184 2 10
179965 2 6
1901 2 6
270317 3 15
2107 7 23
226816 2 2
2220 12 26
61724 8 13
2239 12 12
310784 5 17
1968 6 27
253877 1 22
1948 10 12
127810 11 27
2221 10 19
19793 5 16
2274 2 3
276601 6 26
2280 4 30
393296 6 3
2151 10 12
235823 9 7
2141 3 1
186988 3 21
2140 10 4
308012 9 30
2146 9 30
383426 9 23
2258 5 21
52917 1 18
2281 5 19
358143 11 8
2071 1 25
32014 12 13
1967 1 30
253372 1 22
2013 10 6
16828 4 11
2046 5 18
245713 3 4
2249 2 27
252155 3 25
2056 7 2
210795 5 8
2071 1 10
196726 2 15
2151 1 24
145757 11 8
2192 2 16
255176 9 12
2257 12 7
313547 10 13
2035 11 12
93426 11 8
2249 1 10
320171 10 24
2118 2 16
257804 4 3
2190 9 2
169507 3 29
1919 1 9
44823 3 27
1982 12 14
33073 5 13
1954 4 20
190135 11 3
2260 2 7
254633 8 2
2260 2 29
166677 11 20
2267 6 9
245036 8 24
1978 11 16
265395 4 19
2064 11 18
379970 3 30
2008 6 21
341772 8 25
1928 7 5
184224 9 30
2172 3 20
187737 5 21
2024 5 10
275733 10 3
2261 3 4
66380 5 7
2299 12 8
47885 8 25
2174 9 2
134136 9 4
1929 2 18
384174 4 8
2160 2 1
365913 5 16
2141 12 18
196997 7 23
2186 6 21
239270 6 15
2165 5 25
178708 11 14
2020 5 7
10626 3 14
2275 9 22
31514 1 23
2176 8 13
234327 4 15
2155 10 4
97083 11 5
1924 11 13
144929 3 6
1985 1 10
367882 12 18
1984 1 1
70691 5 24
1959 8 26
97093 12 4
2061 12 28
63614 1 24
2117 7 3
28580 1 4
2285 7 15
331130 10 4
2063 2 14
218833 3 28
2296 8 11
250512 7 1
1951 9 27
162346 1 22
2044 6 21
106244 6 24
2243 10 18
180599 9 25
2221 3 13
204432 9 14
2069 12 2
169248 2 14
2264 9 6
112001 6 20
2083 2 12
150710 5 30
2252 4 12
359167 10 15
2239 1 2
50561 1 6
2224 11 29
46315 11 19
2169 8 19
390742 4 15
2135 2 9
361632 5 1
2056 3 10
71072 7 6
1993 11 15
267680 7 29
2256 3 13
255006 2 6
1995 11 5
344180 4 28
2160 5 21
398665 2 23
2116 3 15
15571 6 2
2211 6 5
175943 12 9
2174 2 30
146795 2 25
2206 9 21
203869 8 26
2261 1 8
175273 2 22
2064 2 4
10955 6 10
2149 9 1
188217 10 6
2025 6 15
330561 3 12
2264 12 20
372904 6 13
2029 1 13
139094 9 8
2277 12 1
382981 11 18
2154 7 11
113739 12 30
2231 7 7
253676 3 22
2179 11 17
184428 8 7
2032 1 27
141755 5 30
2120 5 22
236743 12 21
1959 4 15
58884 3 27
2021 7 2
195370 2 12
2220 7 12
280797 12 23
2191 9 16
196190 12 26
2078 2 17
310973 6 2
2297 8 8
402380 6 4
2190 6 18
18915 8 1
2230 5 4
353906 7 18
1956 1 24
127480 7 5
2096 1 23
207441 7 9
1985 3 16
59906 7 21
2105 7 26
51711 9 19
2148 3 1
344921 6 26
2174 2 1
194353 11 16
2277 8 30
124819 12 8
2003 1 19
42961 11 6
2020 1 8
99916 9 21
2273 8 4
43138 12 13
2293 6 20
71789 2 16
2271 4 19
169261 5 11
1974 2 25
200245 12 6
2166 5 22
94436 2 24
2238 2 19
337424 4 22
2107 7 2
380817 3 9
1928 8 24
396036 1 25
2290 1 14
232668 9 9
2063 2 12
152039 8 26
2008 4 25
219993 4 1
2125 11 14
67572 2 27
2130 3 11
86653 3 20
2005 2 10
260357 7 1
2008 5 15
162708 9 27
2027 6 25
76949 7 8
2176 12 12
66883 8 5
2080 8 11
130988 7 28
2113 5 29
310019 7 15
1951 8 10
125538 12 15
2294 7 13
98553 2 6
2108 3 5
57416 7 27
1924 6 30
58861 9 27
2285 12 28
67765 5 1
2171 2 27
264998 12 23
1949 4 7
349374 11 9
2109 1 23
292730 3 12
2070 9 18
292034 8 30
2001 6 23
84459 3 19
1946 11 10
102028 3 22
2192 1 17
366892 2 17
2115 5 11
352485 5 26
2131 9 9
133821 6 26
1909 8 14
65596 5 7
2253 9 2
123085 11 10
2282 5 26
195651 3 27
2216 12 11
86601 4 19
2233 10 5
318347 8 6
1902 3 1
117159 9 3
2020 3 3
237962 11 14
2136 10 13
46362 3 21
2162 9 7
295694 7 24
2178 12 12
118052 12 5
2271 3 12
324240 9 22
2277 6 20
145417 1 11
2201 3 12
80865 5 1
2150 1 26
12685 2 28
2103 2 22
194275 2 21
2003 8 14
336157 7 29
1912 7 4
133795 12 6
1924 6 7
120818 9 17
1941 5 19
307311 12 30
2202 5 7
341502 7 7
2023 8 27
395445 6 3
2162 9 24
360323 6 1
2154 6 21
115563 5 23
1952 12 15
262986 6 17
2209 5 4
380624 1 29
1906 12 3
67205 2 13
2034 2 21
287209 3 7
1900 12 14
327352 12 9
2264 2 7
174504 11 19
2031 6 13
268559 11 12
2055 3 15
291936 7 9
1929 1 11
117756 9 27
2119 4 3
356624 10 13
2138 9 16
261078 5 27
1996 4 14
347605 1 4
2039 1 20
350802 10 1
1994 3 6
295286 11 5
1927 1 15
114992 8 30
2200 3 26
304516 7 20
2046 11 21
97254 4 28
1987 9 13
68596 10 10
2023 9 5
376208 12 21
1900 11 7
295486 4 16
2023 7 14
296283 9 28
2200 1 15
363497 3 2
1957 10 1
125091 10 28
2143 7 24
100003 5 17
1995 4 15
189112 5 30
1994 3 26
312679 6 21
2059 12 8
111394 12 23
2000 10 26
35087 3 28
2116 7 15
97339 4 5
2213 5 10
354623 11 5
2287 2 27
101755 6 29
2023 1 12
360467 6 26
2158 1 27
274391 11 6
2249 6 17
303876 2 26
2098 12 25
324880 12 5
2277 10 23
350549 9 15
2023 11 19
272801 1 19
2102 4 2
310396 3 27
2181 9 8
108757 4 14
1906 11 26
51749 3 23
2020 6 4
68782 2 21
2109 7 11
11824 6 5
2195 11 7
164875 3 3
2269 4 15
10615 6 28
2009 1 3
185292 12 12
2186 2 9
20536 2 2
2201 9 19
238367 10 19
2048 9 15
336546 6 8
2101 10 25
348050 12 21
1903 7 9
37144 10 20
2212 6 25
232441 4 16
1947 3 29
343910 8 18
1972 11 24
317835 3 19
2266 10 10
72999 11 15
2174 3 21
50102 10 10
2215 12 24
237057 9 3
2081 1 25
38166 8 27
1935 11 23
201384 8 10
2013 12 16
100026 7 20
2216 10 8
52122 5 20
1935 2 21
310151 4 28
1922 7 6
39349 5 29
2174 3 7
28585 8 4
2150 5 26
26037 6 28
2256 11 30
127039 4 17
2299 3 26
296059 4 23
1946 6 11
375841 7 5
1945 12 17
388907 11 15
1942 11 27
328323 11 20
2174 11 27
20497 10 4
2224 12 3
259520 6 29
2218 10 6
318839 12 25
2078 9 24
237885 4 8
2129 11 18
27953 3 2
1974 3 28
210040 11 1
2000 2 23
156423 9 11
2221 8 1
161226 2 16
1993 7 9
230141 1 28
1950 6 18
222136 9 8
2166 4 1
94679 8 8
2217 8 13
253679 1 20
2019 4 4
124411 5 13
2285 2 17
332040 12 16
2254 6 20
113128 5 21
2237 2 29
210451 8 5
2119 4 30
9084 4 26
2029 5 7
26333 1 22
2294 7 18
102619 11 11
1992 12 25
73307 10 13
2103 4 12
117166 7 11
2240 4 14
184126 3 11
2140 10 21
244893 5 12
1908 1 14
264247 1 20
2057 9 18
345337 12 30
2073 6 7
384318 4 8
1947 12 14
227124 4 19
2203 9 16
260860 2 12
2244 9 24
212365 10 5
2010 3 30
221347 2 9
1956 5 3
195857 3 15
2247 8 10
16963 12 16
2132 4 29
277504 12 18
1987 12 2
182361 6 13
2198 3 23
58598 10 7
2015 11 24
280293 12 16
2175 3 17
137073 9 28
2283 6 23
353596 6 28
2287 5 18
191339 3 22
1969 5 15
265056 10 25
2218 1 29
296981 6 17
2109 1 9
32515 7 27
1998 8 16
122057 7 17
1914 8 18
276947 3 2
2093 10 12
189919 1 13
2231 3 17
113755 6 29
2132 12 2
84612 10 2
1998 5 10
132527 12 28
2026 12 27
119532 11 13
2088 5 16
42953 3 12
2150 4 23
60032 8 14
2149 2 4
338315 10 15
1904 12 18
147324 10 4
1943 6 26
386130 2 2
2132 2 18
186310 10 15
1927 3 9
101070 12 22
2062 4 18
203764 7 11
2002 1 6
333285 9 2
1909 9 19
37299 7 19
2026 11 11
36465 12 1
2006 11 2
254135 10 5
2269 4 22
210288 12 16
2035 5 21
138369 11 26
2195 11 20
164898 6 22
1913 1 15
76818 9 17
2179 10 26
218258 12 25
2201 7 30
224778 2 5
2228 3 7
29324 7 23
1902 1 5
208564 7 14
2118 6 10
204981 8 20
2097 2 29
145951 7 18
1957 8 27
79446 12 17
1935 12 7
162466 6 17
2045 2 17
142142 5 27
2084 5 22
49717 12 15
2178 7 27
341153 6 12
2157 6 28
241855 10 26
2011 12 24
262051 10 23
2129 8 14
52962 10 12
2243 3 15
147221 1 10
2259 6 2
222027 7 12
2299 12 26
366900 1 22
1959 10 25
5998 10 16
2131 4 26
132842 9 10
1952 6 16
176837 2 15
2125 6 14
58502 7 24
2011 5 18
372203 1 19
2141 10 24
394941 1 26
2032 11 21
328167 10 5
2071 6 12
30204 1 7
2195 7 13
371246 8 18
2259 8 7
310276 11 7
1928 10 14
373457 10 9
2132 7 5
384230 1 4
2004 5 27
115817 7 25
2182 10 20
303852 2 27
1924 1 19
279572 2 12
2018 10 5
52337 8 22
2121 7 2
38709 11 1
1963 3 30
281038 8 16
1902 8 25
201073 7 5
2215 6 2
198354 9 17
2009 6 2
165720 9 29
2219 7 3
42830 8 17
1933 7 16
149513 5 10
2085 6 27
365242 5 18
1963 2 14
153695 10 22
1922 12 7
184332 3 1
2169 10 14
68131 6 24
1999 5 16
359150 3 28
1964 3 30
30100 10 17
2020 9 5
356436 11 30
1905 11 14
302848 11 13
2147 1 11
304497 11 27
2078 5 9
21601 9 24
2014 7 28
254972 4 16
1975 5 12
261777 2 18
2263 12 27
91544 2 12
2202 1 8
219203 5 19
2136 12 25
230642 6 28
2061 5 23
174295 6 21
2092 6 1
83734 5 9
2113 7 10
48940 8 25
2225 5 16
154704 4 1
2260 2 17
138654 8 23
2176 8 15
343432 12 24
2167 3 16
196973 4 26
1911 11 2
197416 5 11
2175 5 29
104832 6 22
2002 9 9
335218 7 20
2249 7 27
274142 10 2
2115 5 5
132273 8 5
2061 5 25
95199 11 29
2090 9 23
64757 7 3
1925 3 16
198823 7 28
1957 3 20
28474 1 17
1984 4 15
357191 7 18
2082 3 5
299668 11 22
2063 12 19
383312 3 16
2194 8 8
94122 8 29
2155 6 1
229876 2 13
1903 10 27
381804 12 11
1917 12 18
49843 1 7
2078 8 19
256973 5 8
2091 6 21
92386 6 14
1914 11 21
355996 6 10
2114 5 7
328639 2 11
2207 1 26
132659 6 22
2147 3 16
87045 6 12
2002 10 4
347720 8 25
1967 1 16
204805 7 21
1937 2 10
387011 11 20
1907 8 18
3365 12 17
2055 4 9
80582 9 22
1938 11 8
394828 1 20
2090 10 5
75291 7 19
2180 1 11
63258 6 21
2192 11 12
134747 8 5
2156 12 23
245695 11 30
1958 1 23
109275 5 23
2098 11 28
383652 3 5
2020 9 14
276034 2 22
2180 6 6
283063 6 20
2202 5 6
90509 6 23
1906 11 5
112389 4 25
2088 3 2
32093 8 18
1983 6 22
33239 4 17
2075 4 7
241437 3 29
2219 9 20
55592 8 13
2201 5 7
241249 10 8
1964 4 2
108153 2 15
1983 2 14
289991 1 29
1907 8 5
172841 7 12
2067 2 29
29980 10 11
2178 7 5
369367 4 29
1977 4 21
315661 8 5
2053 7 17
346977 6 22
1993 1 14
13358 11 28
1959 12 9
186954 9 11
2079 2 17
41639 1 17
2153 11 5
97512 8 20
2007 4 29
21499 1 8
2049 2 12
143438 10 14
2164 12 8
366130 7 28
2072 10 8
25479 8 6
2097 8 28
36499 4 15
2205 7 26
227874 4 5
2196 4 15
354806 5 17
2203 2 9
110449 10 13
2003 9 13
31951 3 11
2080 4 10
295536 9 26
1984 1 21
8409 7 22
2229 9 6
20174 8 25
2249 8 30
57110 12 26
2141 6 28
373146 4 24
1909 2 6
12229 3 22
2102 7 8
340565 12 15
2040 8 1
219100 12 18
2024 9 8
300257 1 26
2039 11 16
229560 7 1
2202 1 26
374159 2 17
2268 6 18
224226 1 13
2004 9 10
401510 8 19
1992 3 9
113521 11 20
2019 7 15
305239 3 10
2061 8 28
140998 6 24
1913 11 2
98045 2 15
2200 4 5
246461 1 16
2221 7 7
163149 12 30
2238 11 8
154943 8 16
2242 5 4
304754 2 17
2235 12 1
18323 2 25
2062 6 19
243812 8 18
1958 11 7
85874 12 7
1984 7 23
236203 7 18
1926 4 25
149009 11 1
2226 10 23
263005 5 12
2190 4 29
314833 12 6
2214 6 30
219288 9 24
2223 12 9
252569 12 30
1978 4 15
273622 8 6
2218 6 28
190069 5 3
1990 11 1
400391 7 23
1936 12 6
267052 7 25
2269 4 25
129335 4 9
2120 5 9
186239 12 6
2150 7 29
291814 7 25
1986 3 17
272071 2 13
2235 3 7
153843 5 12
2073 1 25
131221 6 30
2123 11 30
283576 8 11
1912 9 21
165238 7 18
1942 6 22
246223 7 29
1920 7 9
197860 11 22
2262 10 7
254848 5 18
2103 8 7
205783 4 6
2256 3 14
326475 9 17
2118 2 18
47769 8 27
2099 5 23
193431 2 24
1958 4 23
112244 5 3
1941 10 27
237515 8 4
1959 5 5
302309 9 27
1953 5 23
290226 8 28
1934 5 9
305381 8 27
2093 6 5
30518 7 26
2150 2 2
203617 1 6
2299 9 19
365006 4 16
2283 4 1
378640 3 5
2018 1 6
16365 9 24
2203 4 3
278325 4 12
2186 12 14
167266 8 16
2138 11 25
346254 9 12
2021 10 30
291679 2 21
2084 2 22
253920 5 22
2188 10 11
288536 11 8
2089 12 2
160904 7 1
2076 10 22
160958 12 24
2105 10 23
184549 9 17
2128 8 28
86677 12 27
1960 5 29
101251 10 21
2252 11 13
35798 6 2
2272 2 4
77517 11 15
1949 3 18
191086 9 11
2067 5 18
41501 2 27
2105 3 22
148772 11 5
2175 9 23
14338 2 1
2015 5 29
350131 12 10
2163 2 15
78112 2 20
2171 6 21
236752 8 9
2019 1 10
344239 7 16
2062 7 3
254823 11 17
1984 2 30
383688 9 14
2254 6 24
300070 6 25
2125 3 7
400767 4 13
1940 11 27
310755 5 4
2098 10 1
76416 12 11
2082 7 9
236685 2 11
2151 9 9
277889 4 18
2048 3 3
209391 4 16
2287 5 25
275305 3 29
1974 6 7
320897 11 10
1985 3 15
9562 7 28
2248 10 28
127868 1 25
2253 9 4
370612 8 11
1923 9 12
297313 4 11
1953 4 3
305427 11 23
1938 11 27
380114 9 16
2120 5 25
85882 9 18
2288 7 8
141870 10 27
2052 7 8
149684 12 5
2187 1 13
358732 3 14
2167 12 3
55357 10 9
2178 11 13
8339 4 22
2160 4 8
33696 12 25
1937 5 5
49546 1 12
2178 9 4
341987 9 15
2263 8 18
51850 6 24
1949 3 23
401329 11 18
1978 4 12
259784 2 26
2224 5 16
63779 8 13
1920 8 10
161145 5 24
2154 10 19
346841 3 28
1968 5 22
280499 2 11
2124 9 16
363182 1 30
2017 9 8
79303 2 2
2209 2 17
341119 10 22
2008 3 23
384205 6 11
2289 6 27
29611 2 7
2065 3 15
80526 6 7
2230 9 25
66861 7 8
2048 6 30
217988 4 20
1946 12 25
326840 1 14
2181 9 13
330847 3 30
1951 6 8
263891 11 27
2005 1 13
325251 10 18
1900 8 16
371291 9 16
2166 7 14
13246 8 20
2238 9 12
368376 10 23
2218 2 25
235103 2 18
1996 7 26
324865 9 15
2219 8 10
120922 4 23
2117 7 4
303927 4 26
1967 7 25
216301 9 8
2056 12 28
309286 3 12
1989 6 8
284236 3 12
2077 10 3
245437 10 24
1904 6 29
266807 12 22
2162 1 24
217376 4 3
2258 12 4
208452 1 12
2226 12 17
289718 6 26
2238 7 16
29834 10 27
1998 5 4
96095 8 6
1939 6 15
180239 6 28
2013 10 11
308411 8 16
2177 10 23
94278 12 30
2072 6 7
250727 11 29
2159 6 3
105009 11 11
2161 6 4
388805 4 26
1920 2 20
61551 3 4
2146 11 9
372779 9 28
2258 1 26
340127 8 22
2102 8 23
124198 7 21
2021 3 12
363455 6 7
2059 3 6
165550 7 2
2256 4 12
212267 5 1
2038 11 21
258197 7 24
2231 1 6
130562 9 17
2162 10 2
293995 1 26
2069 3 25
312846 2 24
2293 4 22
248089 11 4
2089 9 12
341551 3 19
1963 7 17
321247 11 9
2134 7 8
269093 1 21
2264 9 15
212510 8 22
2251 8 18
311991 5 5
2285 10 14
118411 10 14
2128 6 14
172070 5 10
2154 1 20
280968 2 18
2240 4 25
233515 4 17
2164 11 30
88234 12 8
2117 2 15
3055 9 5
2176 4 18
230775 1 14
2111 4 9
325129 12 7
1989 7 26
137728 11 20
2147 4 9
202064 4 21
2171 12 29
337223 11 10
2112 6 3
319619 7 6
2227 10 4
134020 4 10
2092 1 11
42644 12 20
2284 5 14
73395 4 19
1914 8 21
14709 6 16
2191 12 24
183091 1 29
1935 7 30
86313 3 24
2222 5 22
241999 2 7
1975 3 14
291678 10 28
2136 3 7
337438 8 7
2117 11 23
395751 12 27
2287 11 9
130865 2 7
2019 2 3
141186 3 3
2078 1 27
41062 1 2
1904 1 5
214218 10 18
2238 9 12
149826 1 27
2120 4 1
396824 8 17
1903 8 25
207737 8 15
1929 11 28
139420 6 3
2293 12 1
37335 8 7
2099 2 12
282350 8 16
2285 8 18
19966 8 28
1930 2 3
368260 6 1
1985 4 6
161611 1 23
2235 7 13
104309 3 23
2151 12 8
209116 4 17
2077 12 10
103110 9 12
2218 10 4
146821 1 10
2257 3 4
130310 10 10
2091 3 21
119841 4 2
1942 9 11
90277 9 19
2007 9 2
88710 9 23
2223 5 2
322457 9 19
2031 6 16
89835 5 4
2245 8 25
316545 6 10
1936 8 12
236285 4 11
2067 9 11
81919 10 21
2075 8 5
128882 11 18
2060 9 16
276868 12 22
2111 2 1
291631 1 23
2095 1 25
53881 1 27
2191 11 3
365833 8 11
2261 2 16
307861 12 7
2283 10 6
212599 7 7
2196 12 4
76461 2 26
1922 9 6
363415 3 12
2292 1 14
34600 9 11
1946 3 11
104520 12 7
2182 6 4
257430 10 16
2143 11 1
254504 9 22
2205 10 1
162808 3 4
2110 4 7
320220 10 26
1975 3 5
217101 6 13
2067 2 20
87682 5 29
2055 7 3
372865 9 25
2290 2 13
46094 4 17
2285 12 30
87879 6 9
2198 7 6
100185 11 6
2151 11 6
233727 5 4
1991 5 5
253423 12 23
1972 10 28
87599 10 23
2094 12 16
88196 2 26
2036 2 15
268975 9 20
2174 1 6
344285 7 13
2054 3 15
61435 6 22
2080 6 10
306063 8 14
2110 3 8
367661 8 16
2299 5 24
368056 7 22
2264 3 25
79679 7 12
2070 7 19
3830 5 21
2163 11 18
313802 1 23
2256 10 10
82003 7 29
2059 6 27
341792 8 17
2167 2 29
314140 10 4
2084 9 5
249104 6 13
1975 5 6
322497 6 7
1915 3 25
14292 12 1
2212 3 9
306446 1 16
2267 5 2
145205 9 3
1991 1 13
81848 3 30
2036 12 2
26992 4 15
2271 3 13
320132 9 22
1908 7 5
169204 3 17
2282 12 17
316504 1 3
2148 1 23
365778 11 22
2077 7 1
181222 11 1
2021 5 4
63601 8 14
2261 9 23
29546 8 26
2128 3 11
36951 1 17
1973 6 2
154114 4 30
1960 9 11
358929 3 29
2064 9 12
369854 2 27
2248 4 23
193282 9 5
2227 2 10
376886 1 2
2265 6 9
124527 1 23
2219 10 20
25860 4 23
2007 2 11
212542 5 22
1947 8 26
21955 4 18
1949 5 1
244671 8 28
2258 4 10
102740 8 27
2011 4 24
39481 12 18
2120 2 30
369599 11 22
2268 2 4
338790 3 1
1937 9 30
91537 8 1
1941 5 26
84284 11 28
1980 4 22
161939 1 24
1953 7 18
56252 6 17
1934 7 29
30464 5 24
2164 2 5
28517 3 27
2252 9 4
357949 1 30
2258 8 16
50834 5 25
2185 2 11
153451 10 1
1957 11 1
225584 8 14
1962 2 1
98510 4 8
2256 4 12
81716 8 26
2062 9 8
257133 4 15
2110 5 3
225508 1 12
2155 11 8
99807 1 25
1913 9 22
81872 6 1
2182 6 8
5788 7 28
2293 6 18
61708 2 4
2147 9 1
310354 6 8
2264 1 19
183173 1 27
2240 10 16
53422 10 18
2112 10 12
107988 5 25
2080 5 10
184057 11 1
1912 4 21
233373 6 30
1942 12 26
77587 8 18
1992 12 20
60452 4 28
2109 7 26
172147 11 14
2186 3 3
361720 8 11
2186 5 22
373708 11 6
2208 1 7
245103 9 20
1988 3 8
155827 11 14
2001 2 17
24590 4 20
2054 12 20
189328 2 1
1919 2 22
386902 7 23
2104 5 20
181893 8 23
2105 9 24
151299 9 26
2156 7 3
328566 10 17
2243 4 15
3737 3 27
2057 5 15
210455 12 13
2059 8 13
177521 9 7
2183 11 17
29090 8 30
2038 5 9
164002 4 29
2173 3 23
114539 4 20
1985 7 23
253932 9 1
1900 11 19
91885 5 2
2272 5 25
87201 7 24
2165 12 29
325693 4 5
1971 12 30
157228 3 3
2222 5 23
132193 6 28
2263 10 27
182776 6 26
2087 12 28
326999 11 15
1965 2 7
398409 2 11
1987 3 3
72595 2 4
1911 8 3
384984 8 18
1904 2 25
113396 4 11
2259 10 11
238707 5 25
1902 11 6
260958 3 28
2101 1 8
139721 11 15
2104 3 18
334676 6 24
2212 1 21
309317 10 30
2277 6 11
186866 5 24
2033 2 8
179274 6 25
2256 1 12
261231 7 2
2166 12 7
107437 12 29
1935 2 19
344085 1 20
2285 11 13
126831 4 21
2091 9 3
358993 8 16
2138 9 27
92041 9 3
2115 6 23
291984 9 30
2289 9 23
336825 8 25
2072 1 7
86892 9 14
2179 3 18
297487 12 9
2088 11 6
21187 7 26
1989 7 17
181222 10 21
2119 9 4
92355 3 16
2123 5 24
197670 5 12
2145 6 11
200093 10 14
2025 10 7
145260 8 8
2241 8 5
276671 1 8
1975 1 22
198851 12 13
2234 12 20
349189 7 19
2050 8 2
147724 7 4
2195 10 10
116105 1 16
2012 1 30
276398 7 26
2187 1 10
380906 9 28
2058 6 26
202108 11 26
2126 7 16
118563 9 30
2259 11 2
389790 4 20
2148 3 4
292844 11 5
2217 7 1
220535 12 6
2056 8 15
29900 10 29
2176 4 8
312541 3 1
2154 6 6
116839 10 10
2191 2 10
199023 7 19
2288 8 9
325909 2 29
2056 9 27
17572 6 28
2166 11 9
239412 3 29
2286 12 4
36878 11 12
1923 4 28
256429 9 16
1993 2 4
386959 3 18
2192 8 30
123225 6 2
1929 3 30
38867 12 25
2070 3 11
237698 12 20
2240 2 1
129178 3 15
2255 6 11
248906 6 12
1917 5 5
275824 9 14
1940 1 8
19423 11 30
1936 1 24
45846 5 25
1991 11 11
107341 7 1
1955 9 9
26986 4 27
2202 5 18
134607 10 14
1949 4 24
376453 9 6
2039 1 3
249575 7 25
2035 7 2
338635 10 11
1905 5 15
31872 5 6
1956 3 15
32855 8 24
1973 11 22
279120 1 15
2047 10 11
379296 3 13
2225 1 23
342482 6 22
2006 12 12
238812 7 11
1908 10 27
192844 1 17
2073 2 27
4167 6 7
2060 4 21
101699 8 8
2203 8 13
341689 6 6
2282 3 30
187932 6 16
2240 12 3
364845 12 13
2218 3 18
276676 11 19
2121 5 10
75484 11 15
2272 6 15
114426 2 22
1954 1 30
303458 9 16
2041 11 9
393345 1 27
2078 8 25
369009 9 24
1957 4 6
291104 1 5
2007 10 20
360368 4 22
2093 4 2
252853 3 18
2119 5 9
287898 3 3
1976 3 17
400129 9 7
2026 12 5
401760 6 9
2017 12 8
123940 1 20
2223 12 16
154988 12 27
1957 4 25
171487 2 22
2112 9 10
310352 11 12
1936 3 6
151972 11 29
2260 9 16
31471 1 18
2175 12 21
395220 11 11
2173 3 1
205494 3 20
2257 12 14
68918 6 8
2028 11 6
110594 7 16
2131 2 11
131362 8 1
2285 5 17
73832 7 13
2017 9 11
44051 3 26
1942 10 28
184786 4 10
2069 1 15
56823 2 19
2244 10 3
156514 5 12
2105 10 22
224858 5 23
2275 2 8
254687 2 8
1980 8 3
25174 8 12
2042 3 22
66658 1 20
1928 2 3
117867 11 6
2037 1 30
93373 11 17
2186 12 23
380213 4 2
2273 3 27
393531 3 27
2059 1 14
48911 7 28
2235 6 6
145395 5 7
2183 10 19
299684 10 2
2022 11 9
102614 4 8
2073 12 20
109394 1 4
1950 11 28
261480 7 11
1969 1 1
194499 10 22
2222 1 26
313539 7 23
2076 6 10
31102 5 5
1960 1 6
66251 5 2
1954 11 15
70482 10 27
2015 10 4
89231 4 1
2244 1 22
11319 10 20
2050 8 18
42695 8 25
2014 3 19
237650 10 23
2079 7 9
56547 10 21
2045 1 26
302864 12 24
1940 1 27
391019 5 2
1909 11 20
137935 10 26
2049 6 25
194499 3 23
2255 4 24
11401 10 7
2247 12 2
214801 6 28
2051 3 29
322293 5 20
2157 3 15
159764 6 2
2208 6 3
228909 7 2
2162 10 13
218750 10 13
2145 2 13
96595 8 1
2058 3 25
210691 10 13
2279 4 15
341994 11 24
1984 1 22
387454 1 11
2280 2 12
331659 2 23
2255 5 21
103961 1 5
2231 3 22
222281 6 22
1908 6 19
318099 12 9
2215 11 20
237805 2 24
2092 8 24
88569 10 27
2259 3 25
200264 2 2
2140 3 26
36708 11 11
1980 11 8
121836 7 19
2239 4 11
11110 12 24
2180 5 9
243878 4 29
2160 2 3
192578 8 9
1936 1 30
108208 6 22
2154 7 14
277804 3 16
2159 7 4
176992 5 12
1962 4 3
225555 11 26
1913 5 4
223638 5 8
1920 5 23
232548 9 6
2220 2 25
23856 5 22
2253 5 9
367040 6 9
2198 3 28
287362 4 5
1915 2 30
384141 1 10
2013 4 20
204205 12 23
2007 7 5
167562 9 21
2240 10 16
333483 9 16
2295 11 23
9821 6 7
2065 9 8
147860 1 18
2172 9 13
200597 2 29
2297 11 3
214596 3 26
2103 9 1
186714 7 24
2077 7 6
233530 1 22
2098 4 20
367059 8 2
2157 1 13
70029 6 3
2001 6 18
319192 10 23
2050 6 23
151497 11 9
1932 6 4
126770 4 16
2272 4 26
44937 6 14
1934 12 17
398413 5 14
2135 6 12
393784 8 2
2258 1 22
307347 2 24
2001 3 11
59374 7 9
1906 2 20
166034 5 2
2295 7 22
274970 3 6
2015 2 14
380594 11 30
2052 10 28
100912 6 27
2057 6 22
74310 11 13
2065 2 3
200223 9 6
1982 10 3
190929 8 9
2019 1 29
258449 5 21
2059 6 17
180036 9 16
2299 2 11
315777 11 4
2065 12 14
149296 7 28
2287 11 27
79043 12 8
1953 10 28
21618 7 25
2068 8 23
120789 9 23
1956 5 30
280171 4 24
1972 3 21
110487 1 14
2153 12 17
314372 2 5
1976 6 30
288832 3 30
2058 5 30
15126 1 8
1923 7 28
44820 11 16
1906 2 7
116278 11 6
1968 6 13
22458 8 10
2032 9 30
252253 7 25
1911 2 15
271895 5 15
2032 5 18
247145 11 11
2261 3 1
258219 1 2
2142 12 19
35983 8 3
1994 3 26
66251 1 22
2080 10 6
195756 11 8
1999 10 24
370604 5 8
2154 2 23
234978 12 28
2296 7 7
397159 10 19
2070 5 21
102082 2 13
2039 3 10
364237 6 11
1930 9 4
260356 3 25
1976 12 29
135406 10 22
2200 12 3
217577 3 21
2126 12 4
53851 3 17
1981 11 29
70529 10 22
2008 3 20
208068 10 30
2220 1 29
39310 7 25
1930 1 16
225524 9 29
2272 4 15
324913 10 17
1934 4 30
232350 1 2
2165 11 28
120079 6 6
2040 8 16
246989 12 15
2121 10 19
402583 9 11
1997 9 7
306812 2 7
2278 9 8
127679 7 17
2100 1 11
346943 4 18
2179 2 5
232626 5 23
1992 12 4
237367 10 26
2236 4 6
227044 4 28
2014 9 20
338955 5 12
2061 7 30
57457 8 29
1985 7 14
117733 12 27
2025 6 11
10591 5 30
2226 9 9
360326 8 29
2250 6 10
100558 1 9
2213 11 23
202988 12 30
2290 9 5
195368 10 14
1986 8 4
356346 6 27
2121 4 29
127208 2 4
2230 10 19
173070 4 23
2133 2 4
59809 3 2
2241 11 12
198187 9 22
2115 7 4
313981 11 7
1981 10 21
94713 7 6
1925 12 5
132647 2 22
1961 6 17
168982 8 1
1908 11 10
291898 11 18
2284 1 6
224434 3 26
2097 12 7
245004 12 19
1971 2 14
112894 7 27
2201 8 26
165757 2 2
2096 10 10
234413 11 17
1967 6 19
88963 1 8
1988 7 3
171774 11 28
2053 7 23
294542 8 2
1935 6 17
194559 5 13
1983 10 27
234058 11 6
2040 8 16
402453 7 23
2199 1 8
224414 6 2
2116 6 10
314167 5 7
1990 10 8
154782 11 12
1925 1 24
216540 5 22
2077 11 10
168815 12 22
1984 1 8
388624 10 1
1966 11 2
392620 7 1
2167 12 2
301401 1 27
2213 3 21
339924 4 4
2266 9 1
212552 2 23
1957 8 23
198591 4 27
2254 1 29
392541 6 16
2176 5 14
55374 6 22
2182 5 9
328562 10 21
2264 1 1
250238 8 18
2030 2 3
60243 10 1
2208 7 6
277250 6 24
2143 9 19
258354 12 27
2012 11 27
38811 3 22
1942 7 30
229733 3 22
1978 7 14
192324 5 17
1958 6 14
201537 7 27
2007 1 2
141602 1 17
2267 11 18
6472 1 12
1920 2 7
266630 7 27
1962 6 22
282463 5 18
2202 3 30
254065 12 30
2206 11 6
125398 8 26
1924 7 3
382030 2 29
2137 4 2
5219 5 5
1902 11 28
193603 11 15
2224 2 12
218297 2 25
1915 1 11
231653 1 14
2248 2 29
166693 1 10
2019 5 1
368496 5 12
2168 8 8
95710 5 20
1999 4 13
385860 5 3
2057 2 19
402382 4 11
2102 10 5
25058 3 18
1990 8 8
26419 8 27
1946 4 11
79660 5 23
2256 8 21
219733 9 3
1916 6 8
106876 10 26
2040 2 16
205734 5 27
2088 5 13
129753 5 11
2220 4 25
381885 4 24
2111 7 19
70275 12 14
2106 8 13
19477 10 10
2141 7 21
171897 6 6
1982 2 16
63166 5 21
2233 8 23
396788 12 24
2146 1 22
146653 8 1
1930 4 20
48555 2 19
2160 9 10
119501 8 20
2242 9 27
314085 1 23
2038 6 9
206670 3 28
2193 6 24
46013 12 9
1967 8 22
71319 8 23
2295 5 2
42864 8 9
2086 5 7
372733 3 15
1902 4 25
141215 5 17
2204 8 18
326274 9 23
2170 4 21
45933 3 17
1971 1 19
45029 4 17
1916 9 12
137571 2 16
1901 5 21
24699 4 26
2030 12 7
27531 9 4
2146 3 14
64836 3 13
1943 11 21
85814 5 8
2180 6 13
400984 2 16
1982 11 29
314803 11 20
2218 1 14
20927 3 6
2292 11 23
322524 2 17
2128 6 4
268776 12 2
2182 4 15
283268 5 21
2237 8 18
273729 5 3
1911 6 9
275735 12 4
1974 2 28
337096 1 25
2090 3 2
313676 2 10
1935 4 27
107404 6 16
1978 1 18
171179 8 5
2071 10 12
382158 12 26
2287 7 17
348907 12 4
1904 6 3
271630 3 6
1979 4 11
220967 4 9
2037 1 19
232175 10 9
2089 1 15
366446 11 8
1921 1 23
147607 2 25
2099 7 15
51639 7 11
2285 2 22
313107 9 28
2030 5 23
224185 3 11
2284 8 7
375897 4 4
2263 9 25
144982 9 16
2140 4 1
31981 8 2
2053 12 23
225023 10 3
2080 9 12
358850 7 19
2208 3 8
9938 10 6
2258 11 9
72983 8 30
2286 1 30
369179 11 1
2224 4 7
94695 11 9
1975 11 15
208965 5 15
1990 8 7
361169 10 9
2096 9 28
22718 2 6
2265 12 3
344075 1 15
2166 3 22
173210 5 29
2078 3 29
362667 7 8
1975 5 17
264467 7 27
2050 8 7
312028 1 14
2001 8 6
321159 7 20
2044 1 6
114655 9 9
2097 11 6
203316 2 20
2082 11 28
18132 10 20
2262 5 23
362682 6 7
2001 1 14
138309 10 24
2227 3 3
259724 12 17
2125 3 15
381400 8 6
2234 8 12
47970 1 9
2080 11 4
122810 2 11
2067 11 12
17505 1 14
1999 6 5
317729 2 25
2248 3 7
220968 10 13
1934 10 1
69935 11 11
1946 11 3
25924 11 15
2034 6 18
252548 5 6
2242 3 13
200604 1 5
2223 6 27
330375 9 23
2208 12 12
305025 10 9
2136 6 23
20629 1 21
2014 6 6
201854 8 16
2002 1 10
76993 9 20
2102 10 6
383782 1 5
2274 11 30
92110 7 8
2260 3 3
209459 10 27
1942 1 12
72000 3 19
1962 3 22
189283 5 29
2094 7 20
63519 8 8
2253 3 7
86307 10 25
2117 5 17
359228 2 7
2222 7 26
53569 8 14
2030 11 10
212970 9 6
2034 12 20
295682 11 27
2123 6 1
50944 9 15
2147 12 6
338199 12 10
1968 9 23
322774 11 11
2259 12 16
286301 12 30
2237 10 29
293235 12 30
2118 6 24
269910 7 1
1916 9 3
52133 7 20
2106 8 10
223748 3 10
2188 3 5
121230 1 3
1926 3 30
329422 1 10
1991 4 4
350935 11 15
1995 11 12
129275 1 2
2273 6 2
156495 9 4
2067 2 20
305730 5 9
1940 6 4
210079 4 30
2185 7 9
356987 4 9
1907 11 22
259184 7 27
1989 3 11
181740 2 18
2033 11 30
230905 10 23
2174 6 8
264752 8 13
2299 11 18
389950 6 20
1904 9 20
256692 7 30
1963 5 9
11042 11 1
2072 10 15
265325 5 13
1943 3 6
382932 10 20
2023 9 7
298713 10 11
2096 7 29
28689 7 4
1901 5 9
274928 6 14
2057 3 2
317020 4 5
2143 6 29
149027 8 10
2221 12 14
123129 2 24
2096 4 30
103123 12 22
2097 4 21
287189 2 17
2031 1 30
59556 12 25
2204 7 29
302406 6 30
1941 6 3
262633 8 18
2051 4 2
51590 9 8
2077 6 14
294437 11 22
1965 9 4
21695 6 21
2288 1 16
141794 3 7
2263 7 10
341117 6 4
2161 12 5
355721 8 16
2244 12 23
296480 1 14
1938 3 3
206004 10 8
1907 7 15
325660 4 19
2017 7 18
194566 10 16
2127 9 20
93910 8 11
2127 3 22
269700 3 23
2040 12 3
149025 9 17
2291 3 28
233482 1 21
2229 1 21
285540 8 27
2161 1 7
354717 2 30
2073 10 3
315564 2 1
2032 7 7
90593 1 8
2085 10 3
355021 11 25
2255 3 17
229360 9 22
2035 9 29
343805 11 16
1928 8 8
130990 11 14
2074 12 3
116654 6 21
2062 7 29
210542 6 1
2098 3 19
318996 8 24
1920 12 3
255755 4 5
1909 8 12
114758 5 16
1987 7 27
13047 10 5
1900 5 30
9247 4 30
2005 3 20
78263 2 23
2061 12 11
363161 10 1
2020 1 10
251564 10 14
2094 10 13
95569 8 29
2194 4 15
293499 3 8
1921 1 20
19371 12 25
2105 5 23
331020 11 23
2256 8 30
315433 1 18
2253 1 7
378055 9 1
2251 12 29
196142 4 24
